source_row,composition,reference_id,reference_text,composition_match_ambiguous_within_reference,TC,H,dS,dS_ref,RC,dX,VEC,sigma,dHmix,dSmix,nunfilled_mean,mag_moment_mean,avg_d_valence_electrons,bandgap_mean,melting_point_mean,electronegativity_range
2,GdTbDyHo,[1],"L. Wang, Z. Lu, Y. Wu, Y. Zhang, R. Zhao, S. Jiang, X. Liu, H. Wang, D. Ma, Z. Lu, Effect of Sc Addition on Magnetocaloric Properties of GdTbDyHo High-Entropy Alloys, Adv. Eng. Mater. 26 (2024). https://doi.org/10.1002/adem.202300616.",True,198.0,5.0,8.2,8.2,634.4,0.0516599457994295,3.0,0.7285100685803332,0.0,11.52634446553133,7.0,0.0,0.25,0.0,1661.75,0.03
3,(GdTbDyHo)99.9Sc0.1,[1],"L. Wang, Z. Lu, Y. Wu, Y. Zhang, R. Zhao, S. Jiang, X. Liu, H. Wang, D. Ma, Z. Lu, Effect of Sc Addition on Magnetocaloric Properties of GdTbDyHo High-Entropy Alloys, Adv. Eng. Mater. 26 (2024). https://doi.org/10.1002/adem.202300616.",False,193.0,5.0,7.8,7.8,665.5,0.1447907171116943,3.297,9.711483186344838,0.3996,13.43761283799926,7.084669915330083,2.2663127336872663e-08,0.2583727416272583,0.0,1661.178376821623,0.1600000000000001
4,(GdTbDyHo)99.9Sc0.2,[1],"L. Wang, Z. Lu, Y. Wu, Y. Zhang, R. Zhao, S. Jiang, X. Liu, H. Wang, D. Ma, Z. Lu, Effect of Sc Addition on Magnetocaloric Properties of GdTbDyHo High-Entropy Alloys, Adv. Eng. Mater. 26 (2024). https://doi.org/10.1002/adem.202300616.",False,186.0,5.0,7.5,7.5,684.3,0.0522306697207684,3.0036,0.8159965620037698,0.0079936,11.62711504667778,7.091483,4.51612e-08,0.26101,0.0,1661.721758,0.1600000000000001
5,GdTbDyHo)99.9Sc0.3,[1],"L. Wang, Z. Lu, Y. Wu, Y. Zhang, R. Zhao, S. Jiang, X. Liu, H. Wang, D. Ma, Z. Lu, Effect of Sc Addition on Magnetocaloric Properties of GdTbDyHo High-Entropy Alloys, Adv. Eng. Mater. 26 (2024). https://doi.org/10.1002/adem.202300616.",False,181.0,5.0,7.4,7.4,802.4,0.052559134821456,3.0066,0.8714375645457357,0.0119904,11.66867268678802,7.098240000000001,6.75005e-08,0.263628,0.0,1662.261386,0.1600000000000001
6,(GdTbDyHo)99.9Sc0.4,[1],"L. Wang, Z. Lu, Y. Wu, Y. Zhang, R. Zhao, S. Jiang, X. Liu, H. Wang, D. Ma, Z. Lu, Effect of Sc Addition on Magnetocaloric Properties of GdTbDyHo High-Entropy Alloys, Adv. Eng. Mater. 26 (2024). https://doi.org/10.1002/adem.202300616.",False,181.0,5.0,8.6,8.6,698.2,0.0529118929194561,3.0096,0.9340683886638392,0.0159872,11.70740507581538,7.104957,8.968105e-08,0.266228,0.0,1662.79707,0.1600000000000001
7,(GdTbDyHo)99.9Sc0.5,[1],"L. Wang, Z. Lu, Y. Wu, Y. Zhang, R. Zhao, S. Jiang, X. Liu, H. Wang, D. Ma, Z. Lu, Effect of Sc Addition on Magnetocaloric Properties of GdTbDyHo High-Entropy Alloys, Adv. Eng. Mater. 26 (2024). https://doi.org/10.1002/adem.202300616.",False,176.0,5.0,8.2,8.2,694.4,0.0532885657012833,3.0126,1.002513814795891,0.019984,11.74403662732994,7.111629111629111,1.117093117093117e-07,0.2688102688102688,0.0,1663.329078329078,0.1600000000000001
8,Tb25.11Dy25.03Ho24.4Er 25.43,[2],"W.H. Zhu, L. Ma, M.F. He, Z.K. Li, H.Z. Zhang, Q.R. Yao, G.H. Rao, K.P. Su, X.C. Zhong, Z.W. Liu, X.Q. Gao, Large Refrigerant Capacity Induced by Table-Like Magnetocaloric Effect in High-Entropy Alloys TbDyHoEr, Adv. Eng. Mater. 25 (2023). https://doi.org/10.1002/adem.202201770.",False,160.0,5.0,6.82,6.82,883.19,0.0568410450833268,2.9991,0.5298347917921815,0.0,11.52445011068683,3.519579,0.0,0.0,0.0,1706.646427,0.03
9,Tb23.58Dy25.05Ho25.03Er 26.34,[2],"W.H. Zhu, L. Ma, M.F. He, Z.K. Li, H.Z. Zhang, Q.R. Yao, G.H. Rao, K.P. Su, X.C. Zhong, Z.W. Liu, X.Q. Gao, Large Refrigerant Capacity Induced by Table-Like Magnetocaloric Effect in High-Entropy Alloys TbDyHoEr, Adv. Eng. Mater. 25 (2023). https://doi.org/10.1002/adem.202201770.",False,163.9,5.0,6.7,6.7,1049.22,0.0557192460017182,3.0,0.5272245091155157,0.0,11.51998645138274,3.479622,0.0,0.0,0.0,1708.679275,0.03
10,Gd20Ho20Er20Al20 Fe 20,[3],"W. Sheng, J.Q. Wang, G. Wang, J. Huo, X. Wang, R.W. Li, Amorphous microwires of high entropy alloys with large magnetocaloric effect, Intermetallics (Barking). 96 (2018) 79–83. https://doi.org/10.1016/j.intermet.2018.02.015.",False,55.0,5.0,5.1,5.1,446.0,0.2534087607009671,4.0,13.96548149598668,-21.44,13.38167152293333,5.2996182996183,0.5151267674319675,1.551029551029551,0.0,1339.591697861698,0.6300000000000001
11,Gd20Ho20Er20Al20 Co 20,[3],"W. Sheng, J.Q. Wang, G. Wang, J. Huo, X. Wang, R.W. Li, Amorphous microwires of high entropy alloys with large magnetocaloric effect, Intermetallics (Barking). 96 (2018) 79–83. https://doi.org/10.1016/j.intermet.2018.02.015.",False,39.0,5.0,10.2,10.2,625.0,0.2697702726395182,4.2,13.74851532583833,-32.32,13.38167152293333,5.082190082190082,0.362754516893717,1.727660727660728,0.0,1323.411236361236,0.6799999999999999
12,Gd20Ho20Er20Al20 Ni 20,[3],"W. Sheng, J.Q. Wang, G. Wang, J. Huo, X. Wang, R.W. Li, Amorphous microwires of high entropy alloys with large magnetocaloric effect, Intermetallics (Barking). 96 (2018) 79–83. https://doi.org/10.1016/j.intermet.2018.02.015.",False,25.0,5.0,9.5,9.5,511.0,0.2798142240844807,4.4,13.85672651755875,-37.28000000000001,13.38167152293333,4.845200845200845,0.1399167036273036,1.967698967698968,0.0,1314.436202556202,0.71
13,GdTbHoEr,[4],"S.F. Lu, L. Ma, J. Wang, Y.S. Du, L. Li, J.T. Zhao, G.H. Rao, Effect of configuration entropy on magnetocaloric effect of rare earth high-entropy alloy, J. Alloys Compd. 874 (2021). https://doi.org/10.1016/j.jallcom.2021.159918.",False,190.0,5.0,8.64,8.64,924.48,0.0570173946791678,3.0,0.9643406874906084,0.0,11.42670144483861,6.5,0.0,0.25,0.0,1683.0,0.04
14,GdTbHoErLa,[4],"S.F. Lu, L. Ma, J. Wang, Y.S. Du, L. Li, J.T. Zhao, G.H. Rao, Effect of configuration entropy on magnetocaloric effect of rare earth high-entropy alloy, J. Alloys Compd. 874 (2021). https://doi.org/10.1016/j.jallcom.2021.159918.",False,127.0,5.0,5.92,5.92,390.72,0.0619653397452962,2.9925,2.489627217050669,0.163296,13.36283894617653,7.0,0.0,0.4,0.0,1585.0,0.1399999999999999
15,GdTbHoErLaY,[4],"S.F. Lu, L. Ma, J. Wang, Y.S. Du, L. Li, J.T. Zhao, G.H. Rao, Effect of configuration entropy on magnetocaloric effect of rare earth high-entropy alloy, J. Alloys Compd. 874 (2021). https://doi.org/10.1016/j.jallcom.2021.159918.",False,120.0,5.0,5.85,5.85,245.7,0.059222803243683,3.0003,2.259946937318165,0.11537568,14.89425976717486,7.333333333333332,0.0,0.5,0.0,1620.666666666667,0.1399999999999999
16,GdTbHoErPr,[4],"S.F. Lu, L. Ma, J. Wang, Y.S. Du, L. Li, J.T. Zhao, G.H. Rao, Effect of configuration entropy on magnetocaloric effect of rare earth high-entropy alloy, J. Alloys Compd. 874 (2021). https://doi.org/10.1016/j.jallcom.2021.159918.",False,135.0,5.0,6.92,6.92,498.24,0.0555442494233201,3.0,3.04188408733199,0.0,13.37745461469495,7.4,0.0,0.2,0.0,1587.2,0.1100000000000001
17,Gd20Dy20Er20Ho20Tb20,[5],"Y. Yuan, Y. Wu, X. Tong, H. Zhang, H. Wang, X.J. Liu, L. Ma, H.L. Suo, Z.P. Lu, Rare-earth high-entropy alloys with giant magnetocaloric effect, Acta Mater. 125 (2017) 481–489. https://doi.org/10.1016/j.actamat.2016.12.021.",False,186.0,5.0,8.6,8.6,627.0,0.050754310161798,3.0,0.8553072992371988,0.0,13.38167152293333,6.093641000000001,0.0,0.206154,0.0,1681.828611,0.04
18,Gd25Er25Ho25Tb25,[5],"Y. Yuan, Y. Wu, X. Tong, H. Zhang, H. Wang, X.J. Liu, L. Ma, H.L. Suo, Z.P. Lu, Rare-earth high-entropy alloys with giant magnetocaloric effect, Acta Mater. 125 (2017) 481–489. https://doi.org/10.1016/j.actamat.2016.12.021.",False,139.0,3.0,4.8,7.651675827681369,137.0,0.0553962995154008,3.0,0.9547198737507364,0.0,11.52634446553133,6.615397384602614,0.0,0.2575297424702575,0.0,1681.038302961697,0.04
19,Dy25Er25Ho25Tb25,[5],"Y. Yuan, Y. Wu, X. Tong, H. Zhang, H. Wang, X.J. Liu, L. Ma, H.L. Suo, Z.P. Lu, Rare-earth high-entropy alloys with giant magnetocaloric effect, Acta Mater. 125 (2017) 481–489. https://doi.org/10.1016/j.actamat.2016.12.021.",False,52.0,3.0,0.65,1.0361644349985188,27.3,0.056734028589551,3.0,0.5262462752447677,0.0,11.52634446553133,3.521056,0.0,0.0,0.0,1706.714396,0.03
20,Er33.33Ho33.33Tb33.34,[5],"Y. Yuan, Y. Wu, X. Tong, H. Zhang, H. Wang, X.J. Liu, L. Ma, H.L. Suo, Z.P. Lu, Rare-earth high-entropy alloys with giant magnetocaloric effect, Acta Mater. 125 (2017) 481–489. https://doi.org/10.1016/j.actamat.2016.12.021.",False,88.0,3.0,3.0,4.782297392300856,150.0,0.0637735832378892,3.0,0.5812389388448725,0.0,9.13441179098877,3.360467,0.0,0.0,0.0,1713.994107,0.03
21,Gd10Tb10Dy10Ho10Er10Y10Ni10Co10Ag10Al10,[6],"J. Huo, J.Q. Wang, W.H. Wang, Denary high entropy metallic glass with large magnetocaloric effect, J. Alloys Compd. 776 (2019) 202–206. https://doi.org/10.1016/j.jallcom.2018.10.328.",False,29.0,5.0,10.64,10.64,532.0,0.3218136106506373,5.100000000000001,13.86151638853738,-29.68,19.144843755699,4.645491354508646,0.2974593587536413,2.984405015594985,0.0,1450.584396195604,0.73
26,Ho20Er20Co20Al20Gd20,[7],"J. Huo, L. Huo, J. Li, H. Men, X. Wang, A. Inoue, C. Chang, J.Q. Wang, R.W. Li, High-entropy bulk metallic glasses as promising magnetic refrigerants, J. Appl. Phys. 117 (2015). https://doi.org/10.1063/1.4908286.",False,37.0,5.0,11.2,11.2,627.0,0.2697702726395182,4.2,13.74851532583833,-32.32,13.38167152293333,5.082190082190082,0.362754516893717,1.727660727660728,0.0,1323.411236361236,0.6799999999999999
27,Ho20Er20Co20Al20Dy20,[7],"J. Huo, L. Huo, J. Li, H. Men, X. Wang, A. Inoue, C. Chang, J.Q. Wang, R.W. Li, High-entropy bulk metallic glasses as promising magnetic refrigerants, J. Appl. Phys. 117 (2015). https://doi.org/10.1063/1.4908286.",False,18.0,5.0,12.6,12.6,468.0,0.2664282267328294,4.2,13.50139359386404,-32.32,13.38167152293333,4.028704971295029,0.3637866206429794,1.644529355470645,0.0,1331.099781170219,0.6599999999999999
28,Ho20Er20Co20Al20Tm20,[7],"J. Huo, L. Huo, J. Li, H. Men, X. Wang, A. Inoue, C. Chang, J.Q. Wang, R.W. Li, High-entropy bulk metallic glasses as promising magnetic refrigerants, J. Appl. Phys. 117 (2015). https://doi.org/10.1063/1.4908286.",False,9.0,5.0,15.0,15.0,375.0,0.2617938119971517,4.2,12.63360579930292,-32.48,13.38167152293333,3.782128217871783,0.3649711999264001,1.64988435011565,0.0,1340.883042756957,0.6499999999999999
29,Gd25Co25Al25Y25,[8],"C.M. Pang, L. Chen, H. Xu, W. Guo, Z.W. Lv, J.T. Huo, M.J. Cai, B.L. Shen, X.L. Wang, C.C. Yuan, Effect of Dy, Ho, and Er substitution on the magnetocaloric properties of Gd-Co-Al-Y high entropy bulk metallic glasses, J. Alloys Compd. 827 (2020). https://doi.org/10.1016/j.jallcom.2020.154101.",False,39.0,5.0,6.02,6.02,413.0,0.2841104538731371,4.5,15.19164999928034,-35.25,11.52634446553133,6.130784000000001,0.3667755338456001,1.903821,0.0,1324.96123279,0.6799999999999999
30,Gd25Co25Al25Y15Dy10,[8],"C.M. Pang, L. Chen, H. Xu, W. Guo, Z.W. Lv, J.T. Huo, M.J. Cai, B.L. Shen, X.L. Wang, C.C. Yuan, Effect of Dy, Ho, and Er substitution on the magnetocaloric properties of Gd-Co-Al-Y high entropy bulk metallic glasses, J. Alloys Compd. 827 (2020). https://doi.org/10.1016/j.jallcom.2020.154101.",False,44.0,5.0,6.76,6.76,424.0,0.2841104538731371,4.5,15.05497129749608,-35.35,12.92528334186844,5.869954,0.3775126331464,1.894912,0.0,1307.05153641,0.6799999999999999
31,Gd25Co25Al25Y15Ho10,[8],"C.M. Pang, L. Chen, H. Xu, W. Guo, Z.W. Lv, J.T. Huo, M.J. Cai, B.L. Shen, X.L. Wang, C.C. Yuan, Effect of Dy, Ho, and Er substitution on the magnetocaloric properties of Gd-Co-Al-Y high entropy bulk metallic glasses, J. Alloys Compd. 827 (2020). https://doi.org/10.1016/j.jallcom.2020.154101.",False,41.0,5.0,7.35,7.35,488.0,0.2832185551830953,4.5,15.01901263991558,-35.25,12.92528334186844,5.836067,0.3777092889888,1.895899,0.0,1309.01566807,0.6799999999999999
32,Gd25Co25Al25Y15Er10,[8],"C.M. Pang, L. Chen, H. Xu, W. Guo, Z.W. Lv, J.T. Huo, M.J. Cai, B.L. Shen, X.L. Wang, C.C. Yuan, Effect of Dy, Ho, and Er substitution on the magnetocaloric properties of Gd-Co-Al-Y high entropy bulk metallic glasses, J. Alloys Compd. 827 (2020). https://doi.org/10.1016/j.jallcom.2020.154101.",False,43.0,5.0,6.96,6.96,477.0,0.2823557153662733,4.5,14.9760367160657,-35.45,12.92528334186844,5.803047196952803,0.3778931791684209,1.896822103177897,0.0,1309.594397205603,0.6799999999999999
33,Gd25Co25Al25Ho24Y1,[9],"C.M. Pang, C.C. Yuan, L. Chen, H. Xu, K. Guo, J.C. He, Y. Li, M.S. Wei, X.M. Wang, J.T. Huo, B.L. Shen, Effect of Yttrium addition on magnetocaloric properties of Gd-Co-Al-Ho high entropy metallic glasses, J. Non. Cryst. Solids 549 (2020). https://doi.org/10.1016/j.jnoncrysol.2020.120354.",False,51.0,5.0,8.63,8.63,555.0,0.281959199176051,4.5,14.76501942408995,-35.25,11.87543736961528,5.39264,0.3941617954888,1.88399,0.0,1285.02610842,0.6799999999999999
34,Gd25Co25Al25Ho20Y5,[9],"C.M. Pang, C.C. Yuan, L. Chen, H. Xu, K. Guo, J.C. He, Y. Li, M.S. Wei, X.M. Wang, J.T. Huo, B.L. Shen, Effect of Yttrium addition on magnetocaloric properties of Gd-Co-Al-Ho high entropy metallic glasses, J. Non. Cryst. Solids 549 (2020). https://doi.org/10.1016/j.jnoncrysol.2020.120354.",False,49.0,5.0,8.79,8.79,547.0,0.2823202968261403,4.5,14.83909758235876,-35.25,12.5664934531584,5.523234,0.389316629104,1.887498,0.0,1292.09107144,0.6799999999999999
35,Gd25Co25Al25Ho15Y10,[9],"C.M. Pang, C.C. Yuan, L. Chen, H. Xu, K. Guo, J.C. He, Y. Li, M.S. Wei, X.M. Wang, J.T. Huo, B.L. Shen, Effect of Yttrium addition on magnetocaloric properties of Gd-Co-Al-Ho high entropy metallic glasses, J. Non. Cryst. Solids 549 (2020). https://doi.org/10.1016/j.jnoncrysol.2020.120354.",False,47.0,5.0,7.61,7.61,490.0,0.2827702247408662,4.5,14.92998518517863,-35.25,12.92528334186844,5.682015999999999,0.383424696188,1.89176,0.0,1300.68116921,0.6799999999999999
37,Gd20Dy20Er20Co20Al20,[10],"L. Shao, Q. Wang, L. Xue, M. Zhu, A. Wang, J. Luan, K. Yin, Q. Luo, Q. Zeng, L. Sun, B. Shen, Effects of minor Si addition on structural heterogeneity and glass formation of GdDyErCoAl high-entropy bulk metallic glass, Journal of Materials Research and Technology 11 (2021) 378–391. https://doi.org/10.1016/j.jmrt.2021.01.035.",True,44.0,2.0,4.1,9.463344238776946,0.0,0.2712931993250107,4.200000000000001,13.8107620480647,-32.64000000000001,13.38167152293333,5.164437000000001,0.3623004520776,1.725498,0.0,1318.67974562,0.6799999999999999
39,(Gd20Dy20Er20Co20Al20)Si0.5,[10],"L. Shao, Q. Wang, L. Xue, M. Zhu, A. Wang, J. Luan, K. Yin, Q. Luo, Q. Zeng, L. Sun, B. Shen, Effects of minor Si addition on structural heterogeneity and glass formation of GdDyErCoAl high-entropy bulk metallic glass, Journal of Materials Research and Technology 11 (2021) 378–391. https://doi.org/10.1016/j.jmrt.2021.01.035.",False,44.0,2.0,4.6,10.6174106093595,0.0,0.2734054704097926,4.220000000000001,13.91083452088716,-33.59200000000001,13.60193582165415,5.15032215032215,0.3579077971909972,1.704577704577705,0.0093726343726343,1323.145631175631,0.7
41,(Gd20Dy20Er20Co20Al20)Si1,[10],"L. Shao, Q. Wang, L. Xue, M. Zhu, A. Wang, J. Luan, K. Yin, Q. Luo, Q. Zeng, L. Sun, B. Shen, Effects of minor Si addition on structural heterogeneity and glass formation of GdDyErCoAl high-entropy bulk metallic glass, Journal of Materials Research and Technology 11 (2021) 378–391. https://doi.org/10.1016/j.jmrt.2021.01.035.",False,44.0,2.0,4.1,9.463344238776946,0.0,0.2756719245770233,4.240000000000001,14.0249404892618,-34.70400000000001,13.76456839804731,5.136536,0.3536197225304,1.684155,0.01852108,1327.50497647,0.7
43,(Gd20Dy20Er20Co20Al20)Si3,[10],"L. Shao, Q. Wang, L. Xue, M. Zhu, A. Wang, J. Luan, K. Yin, Q. Luo, Q. Zeng, L. Sun, B. Shen, Effects of minor Si addition on structural heterogeneity and glass formation of GdDyErCoAl high-entropy bulk metallic glass, Journal of Materials Research and Technology 11 (2021) 378–391. https://doi.org/10.1016/j.jmrt.2021.01.035.",False,44.0,2.0,4.0,9.232530964660436,0.0,0.2862971707858811,4.320000000000001,14.61098900134759,-39.15200000000001,14.25632979205134,5.941748058251942,0.3006740945859054,1.553398446601553,0.0225143754856245,1552.528121721878,0.7
45,(Gd36Tb20Co20Al24)97Fe3(micro_100),[11],"H. Yin, J.Y. Law, Y. Huang, H. Shen, S. Jiang, S. Guo, V. Franco, J. Sun, Enhancing the magnetocaloric response of high-entropy metallic-glass by microstructural control, Sci. China Mater. 65 (2022) 1134–1142. https://doi.org/10.1007/s40843-021-1825-1.",False,98.0,0.5,0.74,6.054591508357336,0.0,0.3020218379124264,4.314000000000001,14.68734163128679,-33.02606336,12.04103712794456,6.08855,0.391934341194,1.791789,0.0,1280.46055753,0.6799999999999999
46,(Gd36Tb20Co20Al24)97Fe3(micro_70),[11],"H. Yin, J.Y. Law, Y. Huang, H. Shen, S. Jiang, S. Guo, V. Franco, J. Sun, Enhancing the magnetocaloric response of high-entropy metallic-glass by microstructural control, Sci. China Mater. 65 (2022) 1134–1142. https://doi.org/10.1007/s40843-021-1825-1.",False,102.0,0.5,1.03,8.427336829200076,0.0,0.3020218379124264,4.314000000000001,14.68734163128679,-33.02606336,12.04103712794456,6.08855,0.391934341194,1.791789,0.0,1280.46055753,0.6799999999999999
53,(Gd36Tb20Co20Al24)97Fe3(micro_100),[11],"H. Yin, J.Y. Law, Y. Huang, H. Shen, S. Jiang, S. Guo, V. Franco, J. Sun, Enhancing the magnetocaloric response of high-entropy metallic-glass by microstructural control, Sci. China Mater. 65 (2022) 1134–1142. https://doi.org/10.1007/s40843-021-1825-1.",False,99.0,5.0,5.94,5.94,573.0,0.3020218379124264,4.314000000000001,14.68734163128679,-33.02606336,12.04103712794456,6.08855,0.391934341194,1.791789,0.0,1280.46055753,0.6799999999999999
57,V0.85FeCoNiCu1.15,[12],"B.G.F. Eggert, E.K. Delczeg-Czirjak, F. Maccari, S. Kumar, O. Gutfleisch, H. Fjellvåg, B.C. Hauback, C. Frommen, Exploring V-Fe-Co-Ni-Al and V-Fe-Co-Ni-Cu high entropy alloys for magnetocaloric applications, J. Alloys Compd. 921 (2022). https://doi.org/10.1016/j.jallcom.2022.166040.",False,329.0,1.0,0.15,0.6518508162661288,0.0,0.0956943551104243,8.82,2.275182643506502,0.1259999999999992,13.22384377033875,3.220000000000001,0.8509057400000002,7.01,0.0,1744.7971,0.28
60,(MnNiSi)1-x(FeCoGe)x x=0.4,[13],"Z.G. Zheng, X.L. Chen, H.Y. Wang, S. Da, G. Wang, Z.G. Qiu, D.C. Zeng, Q.B. Xia, Giant magnetocaloric effects of MnNiSi-based high-entropy alloys near room temperature, J. Alloys Compd. 966 (2023). https://doi.org/10.1016/j.jallcom.2023.171483.",True,271.0,5.0,44.9,44.9,0.0,0.1557981914065239,7.233099999999999,4.388676486218205,-27.86637736,14.65371741377966,3.666666666666667,0.7091398034482758,6.0,0.1926666666666667,1620.733333333333,0.4599999999999997
61,(MnNiSi)1-x(FeCoGe)x x=0.42,[13],"Z.G. Zheng, X.L. Chen, H.Y. Wang, S. Da, G. Wang, Z.G. Qiu, D.C. Zeng, Q.B. Xia, Giant magnetocaloric effects of MnNiSi-based high-entropy alloys near room temperature, J. Alloys Compd. 966 (2023). https://doi.org/10.1016/j.jallcom.2023.171483.",False,224.0,5.0,29.2,29.2,0.0,0.1542480377931592,7.214799999999999,4.309451003905262,-27.58254928,14.67500138889152,3.666666666666667,0.7091398034482758,6.0,0.1926666666666667,1620.733333333333,0.4599999999999997
62,(MnNiSi)1-x(FeCoGe)x x=0.45,[13],"Z.G. Zheng, X.L. Chen, H.Y. Wang, S. Da, G. Wang, Z.G. Qiu, D.C. Zeng, Q.B. Xia, Giant magnetocaloric effects of MnNiSi-based high-entropy alloys near room temperature, J. Alloys Compd. 966 (2023). https://doi.org/10.1016/j.jallcom.2023.171483.",False,232.0,5.0,1.9,1.9,0.0,0.1518239143086489,7.1886,4.188898706518099,-27.15767528,14.68109252014148,3.666666666666667,0.7091398034482758,6.0,0.1926666666666667,1620.733333333333,0.4599999999999997
63,(MnNiSi)1-x(FeCoGe)x x=0.47,[13],"Z.G. Zheng, X.L. Chen, H.Y. Wang, S. Da, G. Wang, Z.G. Qiu, D.C. Zeng, Q.B. Xia, Giant magnetocaloric effects of MnNiSi-based high-entropy alloys near room temperature, J. Alloys Compd. 966 (2023). https://doi.org/10.1016/j.jallcom.2023.171483.",False,235.0,5.0,2.4,2.4,0.0,0.1501257899244189,7.1693,4.106317451531512,-27.19792664,14.6645226198447,3.666666666666667,0.7091398034482758,6.0,0.1926666666666667,1620.733333333333,0.4599999999999997
64,(MnNi)0.6Si1-y(FeCo)0.4Gey  y=0.36,[13],"Z.G. Zheng, X.L. Chen, H.Y. Wang, S. Da, G. Wang, Z.G. Qiu, D.C. Zeng, Q.B. Xia, Giant magnetocaloric effects of MnNiSi-based high-entropy alloys near room temperature, J. Alloys Compd. 966 (2023). https://doi.org/10.1016/j.jallcom.2023.171483.",False,327.6,5.0,55.3,55.3,0.0,0.1550058877726987,7.271,4.465178585544848,-28.02061144,14.6831325836588,3.75,0.4552691231034483,5.750000000000001,0.289,1569.55,0.4599999999999997
65,(MnNi)0.6Si1-y(FeCo)0.4Gey  y=0.38,[13],"Z.G. Zheng, X.L. Chen, H.Y. Wang, S. Da, G. Wang, Z.G. Qiu, D.C. Zeng, Q.B. Xia, Giant magnetocaloric effects of MnNiSi-based high-entropy alloys near room temperature, J. Alloys Compd. 966 (2023). https://doi.org/10.1016/j.jallcom.2023.171483.",False,308.8,5.0,48.5,48.5,0.0,0.1554121224486686,7.252,4.426716927400428,-27.94306186,14.67074462456147,3.75,0.4552691231034483,5.750000000000001,0.289,1569.55,0.4599999999999997
66,(MnNi)0.6Si1-y(FeCo)0.4Gey  y=0.4,[13],"Z.G. Zheng, X.L. Chen, H.Y. Wang, S. Da, G. Wang, Z.G. Qiu, D.C. Zeng, Q.B. Xia, Giant magnetocaloric effects of MnNiSi-based high-entropy alloys near room temperature, J. Alloys Compd. 966 (2023). https://doi.org/10.1016/j.jallcom.2023.171483.",False,271.3,5.0,44.9,44.9,0.0,0.1557981914065239,7.233099999999999,4.388676486218205,-27.86637736,14.65371741377966,3.75,0.4552691231034483,5.750000000000001,0.289,1569.55,0.4599999999999997
67,(MnNi)0.6Si1-y(FeCo)0.4Gey  y=0.42,[13],"Z.G. Zheng, X.L. Chen, H.Y. Wang, S. Da, G. Wang, Z.G. Qiu, D.C. Zeng, Q.B. Xia, Giant magnetocaloric effects of MnNiSi-based high-entropy alloys near room temperature, J. Alloys Compd. 966 (2023). https://doi.org/10.1016/j.jallcom.2023.171483.",False,295.5,5.0,41.5,41.5,0.0,0.1561627132935893,7.214700000000001,4.350251394802165,-27.78133776,14.63237618545668,3.75,0.4552691231034483,5.750000000000001,0.289,1569.55,0.4599999999999997
68,Gd 20 Tb 18 Dy 18 Co 20 Al 24,[14],"L. Shao, L. Xue, Q. Luo, K. Yin, Z. Yuan, M. Zhu, T. Liang, Q. Zeng, L. Sun, B. Shen, Heterogeneous GdTbDyCoAl high-entropy alloy with distinctive magnetocaloric effect induced by hydrogenation, J. Mater. Sci. Technol. 109 (2022) 147–156. https://doi.org/10.1016/j.jmst.2021.08.076.",False,59.0,0.5,2.18,17.836499308404047,0.0,0.2937618082733015,4.2,14.10160308044423,-34.5856,13.33321970545945,5.385761,0.3325790958648001,1.583946,0.0,1267.77446568,0.6799999999999999
74,(Gd 0.2 Tb 0.18 Dy 0.18 Co 0.2 Al 0.24 ) 43 H 57,[14],"L. Shao, L. Xue, Q. Luo, K. Yin, Z. Yuan, M. Zhu, T. Liang, Q. Zeng, L. Sun, B. Shen, Heterogeneous GdTbDyCoAl high-entropy alloy with distinctive magnetocaloric effect induced by hydrogenation, J. Mater. Sci. Technol. 109 (2022) 147–156. https://doi.org/10.1016/j.jmst.2021.08.076.",False,8.0,0.5,0.8,6.545504333359283,0.0,0.4322222526072669,2.379,55.35232330544859,-46.46056799999999,11.42810490452828,1.052076,0.00394860156,0.018806,7.759761331,28.89578775,1.0
80,CoCuFeMnNi,[15],"A. Perrin, M. Sorescu, M.T. Burton, D.E. Laughlin, M. McHenry, The Role of Compositional Tuning of the Distributed Exchange on Magnetocaloric Properties of High-Entropy Alloys, JOM 69 (2017) 2125–2129. https://doi.org/10.1007/s11837-017-2523-3.",False,395.0,1.5,0.115,0.3451511608574964,16.5,0.1322328336071646,9.0696,3.104609091561312,2.1435828,13.37120502242268,3.0,0.8509677641379312,7.200000000000001,0.0,1636.754,0.3599999999999999
81,CoCu0.975FeMn1.025Ni,[15],"A. Perrin, M. Sorescu, M.T. Burton, D.E. Laughlin, M. McHenry, The Role of Compositional Tuning of the Distributed Exchange on Magnetocaloric Properties of High-Entropy Alloys, JOM 69 (2017) 2125–2129. https://doi.org/10.1007/s11837-017-2523-3.",False,321.0,1.5,0.094,0.2821235575704753,15.3,0.1334026364956854,9.0486,3.132578261666334,1.99827936,13.37583627128567,3.02,0.8509693147413795,7.175000000000001,0.0,1637.56015,0.3599999999999999
82,CoCu0.95FeMn1.05Ni,[15],"A. Perrin, M. Sorescu, M.T. Burton, D.E. Laughlin, M. McHenry, The Role of Compositional Tuning of the Distributed Exchange on Magnetocaloric Properties of High-Entropy Alloys, JOM 69 (2017) 2125–2129. https://doi.org/10.1007/s11837-017-2523-3.",False,297.0,1.5,0.1,0.3001314442239099,13.5,0.1345656165787991,9.029,3.160106011806786,1.85256376,13.3794276540517,3.04,0.8509708653448276,7.15,0.0,1638.3663,0.3599999999999999
83,CoCu0.925FeMn1.075Ni,[15],"A. Perrin, M. Sorescu, M.T. Burton, D.E. Laughlin, M. McHenry, The Role of Compositional Tuning of the Distributed Exchange on Magnetocaloric Properties of High-Entropy Alloys, JOM 69 (2017) 2125–2129. https://doi.org/10.1007/s11837-017-2523-3.",False,279.0,1.5,0.084,0.2521104131480843,12.2,0.1356725984677819,9.008,3.18711129653619,1.7052056,13.37984513428206,3.06,0.8509724159482759,7.125,0.0,1639.17245,0.3599999999999999
84,CoCu0.9FeMn1.1Ni,[15],"A. Perrin, M. Sorescu, M.T. Burton, D.E. Laughlin, M. McHenry, The Role of Compositional Tuning of the Distributed Exchange on Magnetocaloric Properties of High-Entropy Alloys, JOM 69 (2017) 2125–2129. https://doi.org/10.1007/s11837-017-2523-3.",False,264.0,1.5,0.081,0.243106469821367,9.6,0.1367729710140128,8.9876,3.213864742133598,1.55658504,13.37863008637263,3.08,0.8509739665517242,7.1,0.0,1639.9786,0.3599999999999999
85,CoCuFe0.975Mn1.025Ni,[15],"A. Perrin, M. Sorescu, M.T. Burton, D.E. Laughlin, M. McHenry, The Role of Compositional Tuning of the Distributed Exchange on Magnetocaloric Properties of High-Entropy Alloys, JOM 69 (2017) 2125–2129. https://doi.org/10.1007/s11837-017-2523-3.",False,299.0,1.5,0.105,0.3151380164351053,14.0,0.1335043848806655,9.0651,3.126313469066754,2.06758364,13.3708132532567,3.005,0.8404160007413795,7.195,0.0,1635.294,0.3599999999999999
86,CoCuFe0.95Mn1.05Ni,[15],"A. Perrin, M. Sorescu, M.T. Burton, D.E. Laughlin, M. McHenry, The Role of Compositional Tuning of the Distributed Exchange on Magnetocaloric Properties of High-Entropy Alloys, JOM 69 (2017) 2125–2129. https://doi.org/10.1007/s11837-017-2523-3.",False,292.0,1.5,0.071,0.213093325398976,10.0,0.134747850313094,9.0596,3.14753556178589,1.99199144,13.36793961159452,3.01,0.8298642373448275,7.190000000000001,0.0,1633.834,0.3599999999999999
87,"(Fe,Mn,Ni) 66.7 (Ge 0.5 Si 0.5 ) 33.3",[16],"J.Y. Law, Á. Díaz-García, L.M. Moreno-Ramírez, V. Franco, Increased magnetocaloric response of FeMnNiGeSi high-entropy alloys, Acta Mater. 212 (2021). https://doi.org/10.1016/j.actamat.2021.116931.",False,138.0,2.5,7.3,13.744186296497316,0.0,0.1582829281797869,6.889500000000001,4.942517779660092,-31.78845,13.3017442275998,4.0,0.0,5.0,0.5780000000000001,1449.2,0.1099999999999999
88,"Fe,Mn,Ni) 66.7 (Ge 0.465 Si 0.535 ) 33.3",[16],"J.Y. Law, Á. Díaz-García, L.M. Moreno-Ramírez, V. Franco, Increased magnetocaloric response of FeMnNiGeSi high-entropy alloys, Acta Mater. 212 (2021). https://doi.org/10.1016/j.actamat.2021.116931.",False,178.0,2.5,7.47,14.064256388333554,0.0,0.1572454679283316,6.8899,5.017280865911683,-32.30279298,13.29562217569016,4.0,0.0,4.65,0.59165,1465.846,0.1099999999999999
89,"(Fe,Mn,Ni) 66.7 (Ge 0.45 Si 0.55 ) 33.3",[16],"J.Y. Law, Á. Díaz-García, L.M. Moreno-Ramírez, V. Franco, Increased magnetocaloric response of FeMnNiGeSi high-entropy alloys, Acta Mater. 212 (2021). https://doi.org/10.1016/j.actamat.2021.116931.",False,200.0,2.5,13.0,24.475948199241795,0.0,0.1567922838790225,6.8899,5.048771003847606,-32.51466298,13.2885406119359,4.0,0.0,4.5,0.5975,1472.98,0.1099999999999999
90,Fe30Co30Ni30Cr10,[17],"C.L. Lin, J.L. Lee, S.M. Kuo, M.Y. Li, L. Gan, H. Murakami, S. Mitani, S. Gorsse, A.C. Yeh, Investigation on the thermal expansion behavior of FeCoNi and Fe30Co30Ni30Cr10-xMnx high entropy alloys, Mater. Chem. Phys. 271 (2021). https://doi.org/10.1016/j.matchemphys.2021.124907.",False,651.0,0.3,2.4,31.302548304718048,0.0,0.0712460525222274,8.7,0.3190386801263031,-2.52,10.9238730689811,3.344651,1.272457685422,6.765266,0.0,1814.802876,0.25
91,Fe30Co30Ni30Mn10,[17],"C.L. Lin, J.L. Lee, S.M. Kuo, M.Y. Li, L. Gan, H. Murakami, S. Mitani, S. Gorsse, A.C. Yeh, Investigation on the thermal expansion behavior of FeCoNi and Fe30Co30Ni30Cr10-xMnx high entropy alloys, Mater. Chem. Phys. 271 (2021). https://doi.org/10.1016/j.matchemphys.2021.124907.",False,736.0,0.3,1.86,24.25947493615649,0.0,0.1019264440662971,8.799999999999999,2.502345243896372,-2.64,10.9238730689811,3.224281775718225,1.280024092276718,6.775718224281776,0.0,1743.468967531033,0.3599999999999999
92,Fe30Co30Ni30Cr5Mn5,[17],"C.L. Lin, J.L. Lee, S.M. Kuo, M.Y. Li, L. Gan, H. Murakami, S. Mitani, S. Gorsse, A.C. Yeh, Investigation on the thermal expansion behavior of FeCoNi and Fe30Co30Ni30Cr10-xMnx high entropy alloys, Mater. Chem. Phys. 271 (2021). https://doi.org/10.1016/j.matchemphys.2021.124907.",False,651.0,0.3,2.24,29.215711751070184,0.0,0.088106469682992,8.75,1.835629013881137,-2.56,11.50019029225766,3.284644999999999,1.276229491597259,6.770476,0.0,1779.241321,0.3599999999999999
93,CoFeNiCr1.0Cu0.0,[18],"J. Harris, Z. Leong, P. Gong, J. Cornide, C. Pughe, T. Hansen, A. Quintana-Nedelcos, R. Rowan-Robinson, U. Dahlborg, M. Calvo-Dahlborg, R. Goodall, M. Rainforth, N. Morley, Investigation into the magnetic properties of CoFeNiCr yCu xalloys, J. Phys. D Appl. Phys. 54 (2021). https://doi.org/10.1088/1361-6463/ac1139.",True,113.0,2.0,0.34,0.7847651319961371,51.0,0.0946339533994009,8.3208,0.3025107344440896,-3.64845056,11.51595984585561,3.75,1.063632175,6.5,0.0,1871.75,0.25
94,CoFeNiCr1.0Cu0.5,[18],"J. Harris, Z. Leong, P. Gong, J. Cornide, C. Pughe, T. Hansen, A. Quintana-Nedelcos, R. Rowan-Robinson, U. Dahlborg, M. Calvo-Dahlborg, R. Goodall, M. Rainforth, N. Morley, Investigation into the magnetic properties of CoFeNiCr yCu xalloys, J. Phys. D Appl. Phys. 54 (2021). https://doi.org/10.1088/1361-6463/ac1139.",False,120.0,2.0,0.36,0.8309277868194391,62.0,0.0919949889885313,8.6518,0.8689946326050682,0.91929284,13.20201534743588,3.444444444444444,0.9454508222222224,6.888888888888888,0.0,1814.641111111111,0.25
95,CoFeNiCr1.0Cu1.0,[18],"J. Harris, Z. Leong, P. Gong, J. Cornide, C. Pughe, T. Hansen, A. Quintana-Nedelcos, R. Rowan-Robinson, U. Dahlborg, M. Calvo-Dahlborg, R. Goodall, M. Rainforth, N. Morley, Investigation into the magnetic properties of CoFeNiCr yCu xalloys, J. Phys. D Appl. Phys. 54 (2021). https://doi.org/10.1088/1361-6463/ac1139.",False,110.0,2.0,0.34,0.7847651319961371,54.0,0.0892164782481352,8.91,1.065758031375137,3.678300440000001,13.36352082642594,3.200000000000001,0.8509057400000002,7.200000000000001,0.0,1768.954,0.25
96,CoFeNiCr0.8Cu1.0,[18],"J. Harris, Z. Leong, P. Gong, J. Cornide, C. Pughe, T. Hansen, A. Quintana-Nedelcos, R. Rowan-Robinson, U. Dahlborg, M. Calvo-Dahlborg, R. Goodall, M. Rainforth, N. Morley, Investigation into the magnetic properties of CoFeNiCr yCu xalloys, J. Phys. D Appl. Phys. 54 (2021). https://doi.org/10.1088/1361-6463/ac1139.",False,223.0,2.0,0.4,0.9232530964660436,223.0,0.0835767773427523,9.0186,1.082866141675301,3.92539364,13.30231470977151,3.083335083335084,0.886359614016714,7.291665291665291,0.0,1751.82734023734,0.25
97,Mn1.75Fe0.25CoNiGe1.6Si0.4,[19],"Y. Guo, T. Zhang, Z. Zhang, B. Chen, W. Guo, S. Pan, Y. Gong, Y. Bai, Y. Gong, J. Liu, X. Miao, F. Xu, Large reversible magnetocaloric effect in high-entropy MnFeCoNiGeSi system with low-hysteresis magnetostructural transformation, APL Mater. 10 (2022). https://doi.org/10.1063/5.0108367.",False,295.0,5.0,22.83,22.83,0.0,0.1827711602002426,6.7882,4.053096017323374,-28.05587372,12.8918289676076,3.791666416667167,0.4453462461215974,6.874998250003499,0.1536667446665106,1536.673501452997,0.4599999999999997
98,AlCrFeCoNiCu,[20],"S. Vorobiov, O. Pylypenko, Y. Bereznyak, I. Pazukha, E. Čižmár, M. Orendáč, V. Komanicky, Magnetic properties, magnetoresistive, and magnetocaloric effects of AlCrFeCoNiCu thin-film high-entropy alloys prepared by the co-evaporation technique, Appl. Phys. A Mater. Sci. Process. 127 (2021). https://doi.org/10.1007/s00339-020-04145-6.",False,295.0,5.0,0.38,0.38,0.0,0.1097708901704959,8.4051,4.518716977138765,-4.98852372,14.21469090546638,3.5,0.7090881166666667,6.0,0.0,1629.706666666667,0.2999999999999998
100,V0.85FeCoNiCu1.15,[21],"B.G.F. Eggert, E.K. Delczeg-Czirjak, B.C. Hauback, C. Frommen, Magnetic transitions in V-Fe-Co-Ni-Cu-based high entropy alloys, Materials Today Physics 35 (2023). https://doi.org/10.1016/j.mtphys.2023.101116.",False,297.0,1.0,0.17,0.7387642584349462,0.0,0.0938926332360532,8.916400000000001,2.023773902893635,0.1721465599999995,13.26973924947526,3.220000000000001,0.8509057400000002,7.01,0.0,1744.7971,0.28
102,GdTbDyHoErTmCoAl,[22],"L. Xue, L. Shao, B. Zhang, Z. Li, J. Cheng, B. Shen, Magnetic behaviors and magnetocaloric effects in rare earth high-entropy amorphous/nanocrystalline alloys, Journal of Rare Earths 42 (2024) 129–136. https://doi.org/10.1016/j.jre.2022.12.001.",False,35.0,5.0,6.2,6.2,403.0,0.1702615632294018,3.3288,8.399781974699854,-8.284718,16.43129223037101,4.875,0.1935589,1.0,0.0,1617.05875,0.6799999999999999
103,GdTbDyHoErTmCoNi,[22],"L. Xue, L. Shao, B. Zhang, Z. Li, J. Cheng, B. Shen, Magnetic behaviors and magnetocaloric effects in rare earth high-entropy amorphous/nanocrystalline alloys, Journal of Rare Earths 42 (2024) 129–136. https://doi.org/10.1016/j.jre.2022.12.001.",False,40.0,5.0,7.3,7.3,483.0,0.2185643922805432,3.704400000000001,10.12684239413281,-10.6118208,16.76079447860377,4.5,0.2679832375,2.0,0.0,1716.375,0.71
104,GdTbHoEr,[23],"W.H. Zhu, L. Ma, M.F. He, S.F. Lu, Z.K. Li, G.H. Rao, L. Li, X.M. Li, C.Q. Yin, Magnetic properties and magnetocaloric effect of GdTbHoEr-based high-entropy alloy ribbons, Journal of Materials Science: Materials in Electronics 33 (2022) 25930–25938. https://doi.org/10.1007/s10854-022-09283-6.",False,190.0,5.0,7.43,7.43,838.25,0.0552245655120979,3.0,0.9527104341737668,0.0,11.52362454357099,6.5,0.0,0.25,0.0,1683.0,0.04
105,GdTbHoErLa,[23],"W.H. Zhu, L. Ma, M.F. He, S.F. Lu, Z.K. Li, G.H. Rao, L. Li, X.M. Li, C.Q. Yin, Magnetic properties and magnetocaloric effect of GdTbHoEr-based high-entropy alloy ribbons, Journal of Materials Science: Materials in Electronics 33 (2022) 25930–25938. https://doi.org/10.1007/s10854-022-09283-6.",False,117.0,5.0,6.83,6.83,508.22,0.0614834158157921,2.9997,2.358405118848653,0.14994,13.36403594129224,7.0,0.0,0.4,0.0,1585.0,0.1399999999999999
106,GdTbHoErLaY,[23],"W.H. Zhu, L. Ma, M.F. He, S.F. Lu, Z.K. Li, G.H. Rao, L. Li, X.M. Li, C.Q. Yin, Magnetic properties and magnetocaloric effect of GdTbHoEr-based high-entropy alloy ribbons, Journal of Materials Science: Materials in Electronics 33 (2022) 25930–25938. https://doi.org/10.1007/s10854-022-09283-6.",False,120.0,5.0,6.38,6.38,760.58,0.0597152455332103,3.0003,2.238392597630376,0.121094,14.73879006707044,7.333333333333332,0.0,0.5,0.0,1620.666666666667,0.1399999999999999
107,ScGdTbDyHo,[24],"S.A. Uporov, S.K. Estemirova, E. V. Sterkhov, I.A. Balyakin, A.A. Rempel, Magnetocaloric effect in ScGdTbDyHo high-entropy alloy: Impact of synthesis route, Intermetallics (Barking). 151 (2022). https://doi.org/10.1016/j.intermet.2022.107678.",False,144.0,5.0,9.03,9.03,930.0,0.0654330084019716,2.999099999999999,2.063845534516175,0.243022,12.77437239100843,7.399999999999999,1.27e-06,0.4,0.0,1692.2,0.1600000000000001
108,ScGdTbDyHo,[24],"S.A. Uporov, S.K. Estemirova, E. V. Sterkhov, I.A. Balyakin, A.A. Rempel, Magnetocaloric effect in ScGdTbDyHo high-entropy alloy: Impact of synthesis route, Intermetallics (Barking). 151 (2022). https://doi.org/10.1016/j.intermet.2022.107678.",False,143.0,5.0,9.23,9.23,932.0,0.0654330084019716,2.999099999999999,2.063845534516175,0.243022,12.77437239100843,7.399999999999999,1.27e-06,0.4,0.0,1692.2,0.1600000000000001
109,ScGdTbDyHo,[24],"S.A. Uporov, S.K. Estemirova, E. V. Sterkhov, I.A. Balyakin, A.A. Rempel, Magnetocaloric effect in ScGdTbDyHo high-entropy alloy: Impact of synthesis route, Intermetallics (Barking). 151 (2022). https://doi.org/10.1016/j.intermet.2022.107678.",False,146.0,5.0,7.86,7.86,920.0,0.0654330084019716,2.999099999999999,2.063845534516175,0.243022,12.77437239100843,7.399999999999999,1.27e-06,0.4,0.0,1692.2,0.1600000000000001
110,ScGdTbDyHo,[24],"S.A. Uporov, S.K. Estemirova, E. V. Sterkhov, I.A. Balyakin, A.A. Rempel, Magnetocaloric effect in ScGdTbDyHo high-entropy alloy: Impact of synthesis route, Intermetallics (Barking). 151 (2022). https://doi.org/10.1016/j.intermet.2022.107678.",False,139.0,5.0,8.56,8.56,984.0,0.0654330084019716,2.999099999999999,2.063845534516175,0.243022,12.77437239100843,7.399999999999999,1.27e-06,0.4,0.0,1692.2,0.1600000000000001
111,LaFe10.8Cr0.2Si2,[25],"Y. Sun, W. Lv, Y. Liang, Y. Gao, W. Cui, Y. Yan, W. Zhao, Q. Zhang, X. Sang, Magnetocaloric properties of transition metal doped high entropy LaFe11Si2 alloys on Fe sites, Scr. Mater. 223 (2023). https://doi.org/10.1016/j.scriptamat.2022.115068.",False,219.0,2.0,4.1,9.463344238776946,131.2,0.2778189894811103,6.8366,18.17931030961151,-8.123579600000001,6.337492845127867,4.385716614283385,1.628224864916335,4.771428228571772,0.1104283505716494,1754.414200585799,0.7999999999999998
112,LaFe10Co0.5Ni0.5Si2,[25],"Y. Sun, W. Lv, Y. Liang, Y. Gao, W. Cui, Y. Yan, W. Zhao, Q. Zhang, X. Sang, Magnetocaloric properties of transition metal doped high entropy LaFe11Si2 alloys on Fe sites, Scr. Mater. 223 (2023). https://doi.org/10.1016/j.scriptamat.2022.115068.",False,285.0,2.0,2.6,6.001145127029283,140.4,0.2800738738434044,6.9719,18.13641543376212,-9.8888312,8.176613146402376,4.250003,1.5841829155134,4.892855,0.110428461,1744.642646,0.8099999999999998
113,LaFe10.25Co0.25Ni0.25Cr0.25Si2,[25],"Y. Sun, W. Lv, Y. Liang, Y. Gao, W. Cui, Y. Yan, W. Zhao, Q. Zhang, X. Sang, Magnetocaloric properties of transition metal doped high entropy LaFe11Si2 alloys on Fe sites, Scr. Mater. 223 (2023). https://doi.org/10.1016/j.scriptamat.2022.115068.",False,247.0,2.0,2.4,5.539518578796261,141.6,0.2788617762248085,6.882099999999999,18.16417250687085,-8.976287000000001,7.840444272976105,4.339288,1.5835900077567,4.821427000000001,0.110428461,1753.481861,0.8099999999999998
114,Mn27Cr7Ni33Ge25Si8,[26],"K. Sarlar, A. Tekgul, I. Kucuk, Magnetocaloric properties of rare-earth-free Mn27Cr7Ni33Ge25Si8 High-Entropy Alloy, IEEE Magn. Lett. 10 (2019). https://doi.org/10.1109/LMAG.2019.2955667.",False,412.0,0.5,0.77,6.30004792085831,0.0,0.1835340567851099,6.930000000000001,4.503606113067868,-31.0026,12.09060290108072,3.799837799837801,0.1842801152868532,6.091420091420091,0.1936957826957827,1600.694884894885,0.4599999999999997
118,Fe25Co25Ni25Mo5P10B10,[27],"K. Wu, C. Liu, Q. Li, J. Huo, M. Li, C. Chang, Y. Sun, Magnetocaloric effect of Fe25Co25Ni25Mo5P10B10 high-entropy bulk metallic glass, J. Magn. Magn. Mater. 489 (2019). https://doi.org/10.1016/j.jmmm.2019.165404.",False,560.0,1.5,0.8,2.40105155379128,135.4,0.1174904251417961,7.85,11.64995830295754,-21.53,3.719127899711529,3.780720780720781,0.714187628016928,3.588946588946589,0.7446320296320297,1817.721643821644,0.3599999999999999
121,GdTbHoErY,[28],"S.F. Lu, L. Ma, G.H. Rao, J. Wang, Y.S. Du, L. Li, J.T. Zhao, X.C. Zhong, Z.W. Liu, Magnetocaloric effect of high-entropy rare-earth alloy GdTbHoErY, Journal of Materials Science: Materials in Electronics 32 (2021) 10919–10926. https://doi.org/10.1007/s10854-021-05749-1.",False,163.0,5.0,5.4,5.4,453.0,0.0525102764171747,3.0003,1.014502525706703,0.0,13.19504684341568,7.0,0.0,0.4,0.0,1706.2,0.04
125,Fe26.7Ni26.7Ga15.6Mn20Si11,[29],"K. Sarlar, A. Tekgül, I. Kucuk, Magnetocaloric properties in a FeNiGaMnSi high entropy alloy, Current Applied Physics 20 (2020) 18–22. https://doi.org/10.1016/j.cap.2019.09.019.",False,322.0,2.0,1.59,3.6699310584525233,75.68,0.1307157083138824,7.114000000000001,5.761551295427342,-20.671728,12.96788157551366,3.831619,0.6693365489258587,5.524554000000001,0.158308081,1533.84621781,0.3599999999999999
126,Fe26.7Ni26.7Ga15.6Mn20Si11,[29],"K. Sarlar, A. Tekgül, I. Kucuk, Magnetocaloric properties in a FeNiGaMnSi high entropy alloy, Current Applied Physics 20 (2020) 18–22. https://doi.org/10.1016/j.cap.2019.09.019.",False,334.0,2.0,0.65,1.5002862817573208,29.04,0.1307157083138824,7.114000000000001,5.761551295427342,-20.671728,12.96788157551366,3.831619,0.6693365489258587,5.524554000000001,0.158308081,1533.84621781,0.3599999999999999
127,Al0.44Cr0.25MnFeCo0.05Ni0.2,[30],"S. Huang, Z. Dong, W. Mu, V. Ström, G. Chai, L.K. Varga, O. Eriksson, L. Vitos, Magnetocaloric properties of melt-spun MnFe-rich high-entropy alloy, Appl. Phys. Lett. 119 (2021). https://doi.org/10.1063/5.0065067.",False,340.0,0.82,0.458,2.3856005545545496,0.0,0.139095927058584,7.24198,4.920542602925307,-5.822618664,11.83891129597152,4.506803,0.7848556503069966,4.829931,0.0,1605.3491522,0.3599999999999999
128,Mn22.3Fe22.2Ni22.2Ge16.65Si16.65,[31],"J.Y. Law, L.M. Moreno-Ramírez, Á. Díaz-García, A. Martín-Cid, S. Kobayashi, S. Kawaguchi, T. Nakamura, V. Franco, MnFeNiGeSi high-entropy alloy with large magnetocaloric effect, J. Alloys Compd. 855 (2021). https://doi.org/10.1016/j.jallcom.2020.157424.",False,137.0,2.5,7.3,13.744186296497316,0.0,0.1584459433844867,6.889000000000001,4.946073844702334,-31.8031095,13.30215053015936,3.825049174950824,0.5311872848223219,4.857390142609857,0.2725212534787465,1630.895253904746,0.4599999999999997
133,Mn0.94Cr0.3Fe0.5Co0.2Ni0.5Al0.3,[32],"Z. Dong, S. Huang, V. Ström, G. Chai, L.K. Varga, O. Eriksson, L. Vitos, MnxCr0.3Fe0.5Co0.2Ni0.5Al0.3 high entropy alloys for magnetocaloric refrigeration near room temperature, J. Mater. Sci. Technol. 79 (2021) 15–20. https://doi.org/10.1016/j.jmst.2020.10.071.",False,321.0,0.62,0.38,2.5547972901997515,41.4,0.1522059279830029,7.6331,4.620347966253653,-7.411913679999999,13.43420055475163,4.233575766424233,0.6069401279409893,5.328468671531329,0.0,1636.861755968244,0.3599999999999999
134,(Gd36Tb20Co20Al24)99Fe1,[33],"J.Y. Law, V. Franco, Review on magnetocaloric high-entropy alloys: Design and analysis methods, J. Mater. Res. 38 (2023) 37–51. https://doi.org/10.1557/s43578-022-00712-0.",False,94.0,5.0,8.5,8.5,0.0,0.2994629106650772,4.238,14.43090649019446,-34.09173504,11.61151768204055,6.137185862814136,0.3519176985827014,1.693811306188694,0.0,1268.10816934183,0.6799999999999999
135,Gd18Ho22Tm20Cu22Al18,[33],"J.Y. Law, V. Franco, Review on magnetocaloric high-entropy alloys: Design and analysis methods, J. Mater. Res. 38 (2023) 37–51. https://doi.org/10.1557/s43578-022-00712-0.",False,33.6,5.0,8.7,8.7,0.0,0.2811132156267293,4.760000000000001,12.82624438665033,-28.496,13.3483578700181,4.372257000000001,0.0,2.592483,0.0,1248.65710964,0.7
136,Gd36Tb20Co20Al24,[33],"J.Y. Law, V. Franco, Review on magnetocaloric high-entropy alloys: Design and analysis methods, J. Mater. Res. 38 (2023) 37–51. https://doi.org/10.1557/s43578-022-00712-0.",False,81.0,5.0,8.9,8.9,0.0,0.2980883090629352,4.2,14.29735556710392,-34.63039999999999,11.25847770166381,6.161592000000001,0.331829635804,1.644627,0.0,1261.90763519,0.6799999999999999
137,Gd19Tb19Er18Fe19Al25,[33],"J.Y. Law, V. Franco, Review on magnetocaloric high-entropy alloys: Design and analysis methods, J. Mater. Res. 38 (2023) 37–51. https://doi.org/10.1557/s43578-022-00712-0.",False,97.0,5.0,5.9,5.9,0.0,0.274510181960524,3.95,14.02181594832556,-25.0116,13.3186158747471,5.412445000000001,0.444706098646,1.338995,0.0,1274.43223706,0.6300000000000001
138,(Gd36Tb20Co20Al24)98Fe2,[33],"J.Y. Law, V. Franco, Review on magnetocaloric high-entropy alloys: Design and analysis methods, J. Mater. Res. 38 (2023) 37–51. https://doi.org/10.1557/s43578-022-00712-0.",False,100.0,5.0,8.0,8.0,0.0,0.3007738104556312,4.276,14.56088203430957,-33.55695616000001,11.84845435499486,6.112830999999999,0.3719539846111999,1.742871,0.0,1274.29293276,0.6799999999999999
139,Fe24.1Co24.1Ni24.1Cr27.7,[33],"J.Y. Law, V. Franco, Review on magnetocaloric high-entropy alloys: Design and analysis methods, J. Mater. Res. 38 (2023) 37–51. https://doi.org/10.1557/s43578-022-00712-0.",True,36.0,2.0,0.38,0.8770904416427414,0.0,0.0995079011938248,8.169,0.2985076954317955,-3.901308,11.51054596547175,3.907675,1.0026526980384,6.390969999999999,0.0,1892.237112,0.25
140,Fe24.39Co24.39Ni24.39Cr26.83,[33],"J.Y. Law, V. Franco, Review on magnetocaloric high-entropy alloys: Design and analysis methods, J. Mater. Res. 38 (2023) 37–51. https://doi.org/10.1557/s43578-022-00712-0.",True,48.0,2.0,0.37,0.8540091142310903,0.0,0.0986471428070777,8.1951,0.2996903546099921,-3.85488828,11.51903511551773,3.88050611949388,1.015672818403882,6.409031590968408,0.0,1888.500453499546,0.25
141,FeCoNiCr,[33],"J.Y. Law, V. Franco, Review on magnetocaloric high-entropy alloys: Design and analysis methods, J. Mater. Res. 38 (2023) 37–51. https://doi.org/10.1557/s43578-022-00712-0.",True,171.0,2.0,0.35,0.8078464594077881,0.0,0.0944310477756124,8.3076,0.3045719605862321,-3.62939328,11.5180249465911,3.852345,1.0291677185861,6.427753000000001,0.0,1884.627382,0.25
142,Fe24.69Co24.69Ni24.69Cr25.93,[33],"J.Y. Law, V. Franco, Review on magnetocaloric high-entropy alloys: Design and analysis methods, J. Mater. Res. 38 (2023) 37–51. https://doi.org/10.1557/s43578-022-00712-0.",False,65.0,2.0,0.36,0.8309277868194391,0.0,0.0977116356633128,8.222100000000001,0.3008936813488584,-3.80453148,11.52444232500748,3.75,1.063632175,6.5,0.0,1871.75,0.25
143,Fe25.3Co25.3Ni25.3Cr24.1,[33],"J.Y. Law, V. Franco, Review on magnetocaloric high-entropy alloys: Design and analysis methods, J. Mater. Res. 38 (2023) 37–51. https://doi.org/10.1557/s43578-022-00712-0.",True,100.0,2.0,0.35,0.8078464594077881,0.0,0.0946339533994009,8.3208,0.3025107344440896,-3.64845056,11.51595984585561,3.794914,1.0566887525543,6.465933,0.0,1876.72877,0.25
144,Fe25.64Co25.64Ni25.64Cr23.08,[33],"J.Y. Law, V. Franco, Review on magnetocaloric high-entropy alloys: Design and analysis methods, J. Mater. Res. 38 (2023) 37–51. https://doi.org/10.1557/s43578-022-00712-0.",False,131.0,2.0,0.35,0.8078464594077881,0.0,0.0956624983993205,8.277000000000001,0.3032783540709192,-3.694812,11.52453385799659,3.762806,1.0720760992927,6.487278,0.0,1872.312793,0.25
145,Fe25.64Co25.64Ni25.64Cr23.08,[33],"J.Y. Law, V. Franco, Review on magnetocaloric high-entropy alloys: Design and analysis methods, J. Mater. Res. 38 (2023) 37–51. https://doi.org/10.1557/s43578-022-00712-0.",False,148.0,2.0,0.38,0.8770904416427414,0.0,0.0944310477756124,8.3076,0.3045719605862321,-3.62939328,11.5180249465911,3.6,0.91044521,5.5,0.0,1638.894,0.2999999999999998
146,FeCoNi1.5Cr0.5Al,[33],"J.Y. Law, V. Franco, Review on magnetocaloric high-entropy alloys: Design and analysis methods, J. Mater. Res. 38 (2023) 37–51. https://doi.org/10.1557/s43578-022-00712-0.",False,150.0,2.0,0.28,0.6462771675262305,0.0,0.1040100665235206,8.1861,4.512617576679155,-8.726957239999997,12.53104627147707,3.762806,1.0720760992927,6.487278,0.0,1872.312793,0.25
147,Fe26Co26Ni26Cr22,[33],"J.Y. Law, V. Franco, Review on magnetocaloric high-entropy alloys: Design and analysis methods, J. Mater. Res. 38 (2023) 37–51. https://doi.org/10.1557/s43578-022-00712-0.",False,193.0,2.0,0.37,0.8540091142310903,0.0,0.0930539628387743,8.34,0.305914371392437,-3.5568,11.50581750714339,3.728728728728728,1.088405776850377,6.50993250993251,0.0,1867.626076626077,0.25
148,Fe23.53Co23.53Ni23.53Cr23.53Pd5.88,[33],"J.Y. Law, V. Franco, Review on magnetocaloric high-entropy alloys: Design and analysis methods, J. Mater. Res. 38 (2023) 37–51. https://doi.org/10.1557/s43578-022-00712-0.",True,210.0,2.0,0.4,0.9232530964660436,0.0,0.129582736751467,8.352899999999998,2.422986238361144,-4.428816600000001,12.70815689661962,3.701032000000001,1.0098108935405,6.560655000000001,0.0,1878.93761455,0.5400000000000003
149,Fe25Co25Ni25(Mo0.2P0.4B0.4)25,[33],"J.Y. Law, V. Franco, Review on magnetocaloric high-entropy alloys: Design and analysis methods, J. Mater. Res. 38 (2023) 37–51. https://doi.org/10.1557/s43578-022-00712-0.",False,560.0,2.0,1.0,2.308132741165109,0.0,0.1174904251417961,7.85,11.64995830295754,-21.53,13.71912789971153,3.780720780720781,0.714187628016928,3.588946588946589,0.7446320296320297,1817.721643821644,0.3599999999999999
150,FeCoNi0.5Cr0.5Al1.5,[33],"J.Y. Law, V. Franco, Review on magnetocaloric high-entropy alloys: Design and analysis methods, J. Mater. Res. 38 (2023) 37–51. https://doi.org/10.1557/s43578-022-00712-0.",False,455.0,2.0,0.55,1.26947300764081,0.0,0.114049399823059,7.3508,5.706817365872649,-11.39385056,12.95578274322986,4.111111111111112,0.8792958555555557,4.333333333333333,0.0,1540.712222222222,0.2999999999999998
151,FeCoNi0.5Cr0.5Al,[33],"J.Y. Law, V. Franco, Review on magnetocaloric high-entropy alloys: Design and analysis methods, J. Mater. Res. 38 (2023) 37–51. https://doi.org/10.1557/s43578-022-00712-0.",False,685.0,2.0,0.4,0.9232530964660436,0.0,0.1071234776626822,7.646,5.022818341427082,-9.3354826,12.81330027856866,4.0,0.9892078375,4.875,0.0,1616.6175,0.2999999999999998
152,Fe30.7Ni25.7Ga14.6Mn19Si10,[34],"K. Sarlar, A. Tekgül, N. Küçük, A.B. Etemoglu, Structural and magnetocaloric properties of FeNi high entropy alloys, Phys. Scr. 96 (2021). https://doi.org/10.1088/1402-4896/ac326d.",False,442.0,2.0,0.75,1.7310995558738318,76.1,0.1275677325972363,7.194,5.609499465599328,-19.068928,12.7913785663413,3.831224168775832,0.7483861930158726,5.595092404907596,0.1449443120556879,1549.125766214234,0.3599999999999999
153,Fe30.7Ni25.7Ga14.6Mn19Si10,[34],"K. Sarlar, A. Tekgül, N. Küçük, A.B. Etemoglu, Structural and magnetocaloric properties of FeNi high entropy alloys, Phys. Scr. 96 (2021). https://doi.org/10.1088/1402-4896/ac326d.",False,462.0,2.0,0.9,2.077319467048598,178.36,0.1275677325972363,7.194,5.609499465599328,-19.068928,12.7913785663413,3.831224168775832,0.7483861930158726,5.595092404907596,0.1449443120556879,1549.125766214234,0.3599999999999999
154,CoFeNi0.5Cr0.5-Alx (x = 0.0),[35],"A. Quintana-Nedelcos, Z. Leong, N.A. Morley, Study of dual-phase functionalisation of NiCoFeCr-Alx multicomponent alloys for the enhancement of magnetic properties and magneto-caloric effect, Mater. Today Energy 20 (2021). https://doi.org/10.1016/j.mtener.2020.100621.",False,270.0,0.5,0.18,1.4727384750058383,16.2,0.0797464124073798,8.385,0.3399483341407857,-2.69316848,11.00088322983736,4.0,0.9892078375,4.875,0.0,1616.6175,0.2999999999999998
160,CoFeNi0.5Cr0.5-Alx (x = 1.5),[35],"A. Quintana-Nedelcos, Z. Leong, N.A. Morley, Study of dual-phase functionalisation of NiCoFeCr-Alx multicomponent alloys for the enhancement of magnetic properties and magneto-caloric effect, Mater. Today Energy 20 (2021). https://doi.org/10.1016/j.mtener.2020.100621.",False,455.0,0.5,0.16,1.3091008666718569,12.8,0.114049399823059,7.3508,5.706817365872649,-11.39385056,12.95578274322986,4.0,0.9892078375,4.875,0.0,1616.6175,0.2999999999999998
163,Mn20Al20Co14Fe20Cr26,[36],"Y. Zhang, P. Xu, J. Zhu, S. Yan, J. Zhang, L. Li, The emergence of considerable room temperature magnetocaloric performances in the transition metal high-entropy alloys, Materials Today Physics 32 (2023). https://doi.org/10.1016/j.mtphys.2023.101031.",False,268.0,2.0,0.623,1.437966697745863,73.22,0.1200006666648148,6.42,5.774063858123162,-10.0544,13.22968066192844,4.848611,0.5106100664443483,3.694703000000001,0.0,1546.36410978,0.3299999999999998
164,Mn20Al20Co14Fe20Cr26,[36],"Y. Zhang, P. Xu, J. Zhu, S. Yan, J. Zhang, L. Li, The emergence of considerable room temperature magnetocaloric performances in the transition metal high-entropy alloys, Materials Today Physics 32 (2023). https://doi.org/10.1016/j.mtphys.2023.101031.",False,268.0,5.0,1.156,1.156,189.48,0.1200006666648148,6.42,5.774063858123162,-10.0544,13.22968066192844,4.831636831636831,0.5280989160196125,3.702054702054702,0.0,1542.978386168386,0.3299999999999998
165,Mn20Al20Co14Fe21Cr25,[36],"Y. Zhang, P. Xu, J. Zhu, S. Yan, J. Zhang, L. Li, The emergence of considerable room temperature magnetocaloric performances in the transition metal high-entropy alloys, Materials Today Physics 32 (2023). https://doi.org/10.1016/j.mtphys.2023.101031.",False,280.0,2.0,0.649,1.4979781490161557,84.56,0.1207259292778481,6.44,5.779255888895785,-10.0636,13.24783027137862,4.814640814640815,0.5456104726084381,3.709418709418709,0.0,1539.588576188576,0.3299999999999998
166,Mn20Al20Co14Fe21Cr25,[36],"Y. Zhang, P. Xu, J. Zhu, S. Yan, J. Zhang, L. Li, The emergence of considerable room temperature magnetocaloric performances in the transition metal high-entropy alloys, Materials Today Physics 32 (2023). https://doi.org/10.1016/j.mtphys.2023.101031.",False,280.0,5.0,1.315,1.315,197.23,0.1207259292778481,6.44,5.779255888895785,-10.0636,13.24783027137862,4.797624,0.5631420105116345,3.71679,0.0,1536.19443048,0.3299999999999998
167,Mn20Al20Co14Fe22Cr24,[36],"Y. Zhang, P. Xu, J. Zhu, S. Yan, J. Zhang, L. Li, The emergence of considerable room temperature magnetocaloric performances in the transition metal high-entropy alloys, Materials Today Physics 32 (2023). https://doi.org/10.1016/j.mtphys.2023.101031.",False,300.0,2.0,0.686,1.5833790604392648,91.17,0.1214230620598904,6.460000000000001,5.784438006281253,-10.072,13.25869240997886,4.848611,0.5106100664443483,3.694703000000001,0.0,1546.36410978,0.3299999999999998
168,Mn20Al20Co14Fe22Cr24,[36],"Y. Zhang, P. Xu, J. Zhu, S. Yan, J. Zhang, L. Li, The emergence of considerable room temperature magnetocaloric performances in the transition metal high-entropy alloys, Materials Today Physics 32 (2023). https://doi.org/10.1016/j.mtphys.2023.101031.",False,300.0,5.0,1.361,1.361,206.87,0.1214230620598904,6.460000000000001,5.784438006281253,-10.072,13.25869240997886,4.831636831636831,0.5280989160196125,3.702054702054702,0.0,1542.978386168386,0.3299999999999998
169,Mn20Al20Co14Fe23Cr23,[36],"Y. Zhang, P. Xu, J. Zhu, S. Yan, J. Zhang, L. Li, The emergence of considerable room temperature magnetocaloric performances in the transition metal high-entropy alloys, Materials Today Physics 32 (2023). https://doi.org/10.1016/j.mtphys.2023.101031.",False,310.0,2.0,0.662,1.527983874651302,86.74,0.1220925468650727,6.48,5.789610234850571,-10.0796,13.26230854978233,4.814640814640815,0.5456104726084381,3.709418709418709,0.0,1539.588576188576,0.3299999999999998
170,Mn20Al20Co14Fe23Cr23,[36],"Y. Zhang, P. Xu, J. Zhu, S. Yan, J. Zhang, L. Li, The emergence of considerable room temperature magnetocaloric performances in the transition metal high-entropy alloys, Materials Today Physics 32 (2023). https://doi.org/10.1016/j.mtphys.2023.101031.",False,310.0,5.0,1.306,1.306,159.33,0.1220925468650727,6.48,5.789610234850571,-10.0796,13.26230854978233,4.797624,0.5631420105116345,3.71679,0.0,1536.19443048,0.3299999999999998
171,Mn20Cr14Ni33Ge25Si8,[37],"A. Tekgül, K. Sarlar, N. Küçük, A.B. Etemoǧlu, The structural, magnetic and magnetocaloric properties of MnCrNiGeSi high-entropy alloy, Phys. Scr. 97 (2022). https://doi.org/10.1088/1402-4896/ac77c6.",False,361.0,2.0,2.1,4.847078756446729,0.0,0.1741325931582022,6.860000000000001,4.14070372309715,-29.7482,12.56848031344428,3.878363,0.1835303708163207,6.087108000000001,0.192930618,1649.143049,0.4599999999999997
172,Mn20Cr14Ni33Ge25Si8,[37],"A. Tekgül, K. Sarlar, N. Küçük, A.B. Etemoǧlu, The structural, magnetic and magnetocaloric properties of MnCrNiGeSi high-entropy alloy, Phys. Scr. 97 (2022). https://doi.org/10.1088/1402-4896/ac77c6.",False,361.0,0.5,0.48,3.927302600015569,0.0,0.1741325931582022,6.860000000000001,4.14070372309715,-29.7482,12.56848031344428,3.833569,0.1839579040636344,6.089569,0.193367028,1621.5055778,0.4599999999999997
175,Mn24Cr10Ni33Ge25Si8,[37],"A. Tekgül, K. Sarlar, N. Küçük, A.B. Etemoǧlu, The structural, magnetic and magnetocaloric properties of MnCrNiGeSi high-entropy alloy, Phys. Scr. 97 (2022). https://doi.org/10.1088/1402-4896/ac77c6.",False,387.0,2.0,3.6,8.309277868194393,0.0,0.1796055678424251,6.9,4.361604250270622,-30.4554,12.36579818157664,3.878363,0.1835303708163207,6.087108000000001,0.192930618,1649.143049,0.4599999999999997
176,Mn24Cr10Ni33Ge25Si8,[37],"A. Tekgül, K. Sarlar, N. Küçük, A.B. Etemoǧlu, The structural, magnetic and magnetocaloric properties of MnCrNiGeSi high-entropy alloy, Phys. Scr. 97 (2022). https://doi.org/10.1088/1402-4896/ac77c6.",False,387.0,0.5,1.04,8.509155633367067,0.0,0.1796055678424251,6.9,4.361604250270622,-30.4554,12.36579818157664,3.833569,0.1839579040636344,6.089569,0.193367028,1621.5055778,0.4599999999999997
179,Al20Mn20Fe20Co14.5Cr25.5,[38],"Y. Zhang, J. Zhu, Z. Hao, W. Hao, Z. Mo, L. Li, Tunable magnetic phase transition and magnetocaloric effect in the rare-earth-free Al-Mn-Fe-Co-Cr high-entropy alloys, Mater. Des. 229 (2023). https://doi.org/10.1016/j.matdes.2023.111894.",False,282.8,2.0,0.531,1.225618485558673,0.0,0.1207012427442236,6.435,5.773465048522158,-10.1276,13.25427966361616,4.836448,0.5168444456226068,3.701747,0.0,1544.44949209,0.3299999999999998
181,Al20Mn20Fe20Co15.5Cr24.5,[38],"Y. Zhang, J. Zhu, Z. Hao, W. Hao, Z. Mo, L. Li, Tunable magnetic phase transition and magnetocaloric effect in the rare-earth-free Al-Mn-Fe-Co-Cr high-entropy alloys, Mater. Des. 229 (2023). https://doi.org/10.1016/j.matdes.2023.111894.",False,313.7,2.0,0.591,1.364106450028579,0.0,0.1220605997035898,6.465,5.772266991631865,-10.2716,13.29676211879624,4.812086000000001,0.5293329100167242,3.715847,0.0,1540.61290565,0.3299999999999998
183,Al20Mn20Fe20Co16.5Cr23.5,[38],"Y. Zhang, J. Zhu, Z. Hao, W. Hao, Z. Mo, L. Li, Tunable magnetic phase transition and magnetocaloric effect in the rare-earth-free Al-Mn-Fe-Co-Cr high-entropy alloys, Mater. Des. 229 (2023). https://doi.org/10.1016/j.matdes.2023.111894.",False,345.8,2.0,0.57,1.315635662464112,0.0,0.123365756999258,6.495,5.771068350881405,-10.4124,13.33048203656801,4.787673000000002,0.5418476987313622,3.729986,0.0,1536.76990074,0.3299999999999998
185,Dy27Er27Ni26Al20,[39],"L. Xue, L. Shao, Z. Li, Z. Han, B. Zhang, J. Huo, X. Wang, S. Zhu, B. Qian, J. Cheng, B. Shen, Utilization of high entropy in rare earth-based magnetocaloric metallic glasses, Journal of Materials Research and Technology 18 (2022) 5301–5311. https://doi.org/10.1016/j.jmrt.2022.05.022.",False,15.0,5.0,10.6,10.6,312.0,0.2919763004080982,4.82,14.5342908316268,-37.2368,11.46708172461414,3.69072469072469,0.1744585616896617,2.344106344106344,0.0,1338.19634054634,0.69
186,Dy18Er18Y18Ni26Al20,[39],"L. Xue, L. Shao, Z. Li, Z. Han, B. Zhang, J. Huo, X. Wang, S. Zhu, B. Qian, J. Cheng, B. Shen, Utilization of high entropy in rare earth-based magnetocaloric metallic glasses, Journal of Materials Research and Technology 18 (2022) 5301–5311. https://doi.org/10.1016/j.jmrt.2022.05.022.",False,10.0,5.0,10.2,10.2,209.0,0.2935251266927586,4.82,14.86967114040009,-39.1504,13.28755113095142,4.406435000000001,0.1643211970689,2.334034,0.0,1369.87842605,0.69
187,Dy13.5Er13.5Y13.5Gd13.5Ni26Al20,[39],"L. Xue, L. Shao, Z. Li, Z. Han, B. Zhang, J. Huo, X. Wang, S. Zhu, B. Qian, J. Cheng, B. Shen, Utilization of high entropy in rare earth-based magnetocaloric metallic glasses, Journal of Materials Research and Technology 18 (2022) 5301–5311. https://doi.org/10.1016/j.jmrt.2022.05.022.",False,22.0,5.0,9.2,9.2,280.0,0.2967477716849783,4.82,15.02092058458308,-39.0712,14.5791947303076,4.935414000000001,0.1663276772079001,2.384755000000001,0.0,1355.59056391,0.71
188,FeCoNiCr,[40],"D.D. Belyea, M.S. Lucas, E. Michel, J. Horwath, C.W. Miller, Tunable magnetocaloric effect in transition metal alloys, Sci. Rep. 5 (2015). https://doi.org/10.1038/srep15755.",False,103.0,5.0,0.74,0.74,0.0,0.0946339533994009,8.3208,0.3025107344440896,-3.64845056,11.51595984585561,3.75,1.063632175,6.5,0.0,1871.75,0.25
189,FeCoNiCrPd0.005,[40],"D.D. Belyea, M.S. Lucas, E. Michel, J. Horwath, C.W. Miller, Tunable magnetocaloric effect in transition metal alloys, Sci. Rep. 5 (2015). https://doi.org/10.1038/srep15755.",False,102.0,5.0,0.7,0.7,0.0,0.0962098221038496,8.324,0.577995610997872,-3.673926320000001,11.62437358857185,3.74532,1.0623047620456,6.504368,0.0,1871.6954624,0.5400000000000003
190,FeCoNiCrPd0.03,[40],"D.D. Belyea, M.S. Lucas, E. Michel, J. Horwath, C.W. Miller, Tunable magnetocaloric effect in transition metal alloys, Sci. Rep. 5 (2015). https://doi.org/10.1038/srep15755.",False,121.0,5.0,0.72,0.72,0.0,0.1038055237017761,8.3443,1.243464761516354,-3.80755872,11.96722665496804,3.722085,1.0557144970893,6.526054,0.0,1871.4246972,0.5400000000000003
191,FeCoNiCrPd0.06,[40],"D.D. Belyea, M.S. Lucas, E. Michel, J. Horwath, C.W. Miller, Tunable magnetocaloric effect in transition metal alloys, Sci. Rep. 5 (2015). https://doi.org/10.1038/srep15755.",False,131.0,5.0,0.73,0.73,0.0,0.112002030645986,8.370999999999999,1.717734395398218,-3.96347804,12.25685103199398,3.694582389164779,1.047913787281074,6.551723103446207,0.0,1871.104200108401,0.5400000000000003
192,FeCoNiCrPd0.12,[40],"D.D. Belyea, M.S. Lucas, E. Michel, J. Horwath, C.W. Miller, Tunable magnetocaloric effect in transition metal alloys, Sci. Rep. 5 (2015). https://doi.org/10.1038/srep15755.",False,160.0,5.0,0.76,0.76,0.0,0.1251972870671645,8.4156,2.329794628319539,-4.23215568,12.6430612493783,3.640777281554563,1.032652762312124,6.601941203882408,0.0,1870.477191254383,0.5400000000000003
193,FeCoNiCrPd0.25,[40],"D.D. Belyea, M.S. Lucas, E. Michel, J. Horwath, C.W. Miller, Tunable magnetocaloric effect in transition metal alloys, Sci. Rep. 5 (2015). https://doi.org/10.1038/srep15755.",False,220.0,5.0,0.89,0.89,0.0,0.1459601862087655,8.497,3.138935004230777,-4.697357760000001,13.10265278228086,3.52941,1.0010650759378,6.705884,0.0,1869.1793912,0.5400000000000003
194,FeCoNiCrPd0.50,[40],"D.D. Belyea, M.S. Lucas, E. Michel, J. Horwath, C.W. Miller, Tunable magnetocaloric effect in transition metal alloys, Sci. Rep. 5 (2015). https://doi.org/10.1038/srep15755.",False,292.0,5.0,0.86,0.86,0.0,0.1703036712581382,8.641300000000001,3.973558306900987,-5.299467719999999,13.3711084284924,3.333333333333333,0.9454508222222224,6.888888888888888,0.0,1866.894444444445,0.5400000000000003
195,FeCoNiCrAl,[41],"S.M. Na, P.K. Lambert, H. Kim, J. Paglione, N.J. Jones, Thermomagnetic properties and magnetocaloric effect of FeCoNiCrAl-type high-entropy alloys, AIP Adv. 9 (2019). https://doi.org/10.1063/1.5079394.",False,290.0,7.0,0.674,0.495754268386567,242.6,0.1113454248667828,7.7513,4.528231810566604,-8.91372028,13.11126767707191,4.000000000000001,0.8509057400000002,5.200000000000001,0.0,1684.094,0.2999999999999998
196,FeCoNi1.5Cr0.5Al,[41],"S.M. Na, P.K. Lambert, H. Kim, J. Paglione, N.J. Jones, Thermomagnetic properties and magnetocaloric effect of FeCoNiCrAl-type high-entropy alloys, AIP Adv. 9 (2019). https://doi.org/10.1063/1.5079394.",False,150.0,2.0,0.277,0.6393527693027352,0.0,0.1040127726364944,8.1871,4.512167790692017,-8.728344759999999,12.53110195225917,3.6,0.91044521,5.5,0.0,1638.894,0.2999999999999998
197,AlxCr0.2MnFe0.5Co0.3Ni0.5(x=0.3),[42],"S. Huang, Z. Dong, E. Dastanpour, V. Ström, G. Chai, L.K. Varga, O. Eriksson, L. Vitos, Vibrational entropy-enhanced magnetocaloric effect in Mn-rich high-entropy alloys, Appl. Phys. Lett. 119 (2021). https://doi.org/10.1063/5.0064308.",False,380.0,0.56,0.068,0.5016874239589642,0.0,0.1551249373790016,7.731,4.604131954387893,-7.589889119999999,13.31835653254585,4.314286314286314,0.519394041931066,4.314285314285314,0.0,1482.391510971511,0.3599999999999999
198,AlxCr0.2MnFe0.5Co0.3Ni0.5(x=0.35),[42],"S. Huang, Z. Dong, E. Dastanpour, V. Ström, G. Chai, L.K. Varga, O. Eriksson, L. Vitos, Vibrational entropy-enhanced magnetocaloric effect in Mn-rich high-entropy alloys, Appl. Phys. Lett. 119 (2021). https://doi.org/10.1063/5.0064308.",False,378.0,0.56,0.098,0.7230201109996836,0.0,0.1547907154174564,7.686199999999999,4.684758527180842,-8.006010799999999,13.3981723203574,4.314286314286314,0.519394041931066,4.314285314285314,0.0,1482.391510971511,0.3599999999999999
199,AlxCr0.2MnFe0.5Co0.3Ni0.5(x=0.6),[42],"S. Huang, Z. Dong, E. Dastanpour, V. Ström, G. Chai, L.K. Varga, O. Eriksson, L. Vitos, Vibrational entropy-enhanced magnetocaloric effect in Mn-rich high-entropy alloys, Appl. Phys. Lett. 119 (2021). https://doi.org/10.1063/5.0064308.",False,385.0,0.56,0.167,1.2320852911933382,0.0,0.1531494894099078,7.4834,5.034113563719657,-10.0199018,13.71399847290743,4.314286314286314,0.519394041931066,4.314285314285314,0.0,1482.391510971511,0.3599999999999999
200,AlxCr0.2MnFe0.5Co0.3Ni0.5(x=0.65),[42],"S. Huang, Z. Dong, E. Dastanpour, V. Ström, G. Chai, L.K. Varga, O. Eriksson, L. Vitos, Vibrational entropy-enhanced magnetocaloric effect in Mn-rich high-entropy alloys, Appl. Phys. Lett. 119 (2021). https://doi.org/10.1063/5.0064308.",False,370.0,0.56,0.154,1.1361744601423598,0.0,0.1528355750318988,7.450000000000001,5.089502757059114,-10.38117436,13.76382173296333,4.314286314286314,0.519394041931066,4.314285314285314,0.0,1482.391510971511,0.3599999999999999
