TreeSHAP::dX,TreeSHAP::VEC,TreeSHAP::sigma,TreeSHAP::dHmix,TreeSHAP::dSmix,base_value_K,fitted_TC_K,observed_TC_K,reference_id
70.57263046299212,-61.824335499984116,-22.790038399202285,2.1448103834510337,-3.3960664152291473,209.0496451227669,193.75664565479428,198.0,[1]
17.495358217728047,-58.996060093660155,28.971701983863007,14.98662547004372,-18.353120200550155,209.0496451227669,193.15415050019135,193.0,[1]
62.11946866090207,-45.15174213653542,-27.8570863859469,2.2484912683910587,-15.131910185357238,209.0496451227669,185.2768663442203,186.0,[1]
56.91737214141347,-44.72030917734501,-29.53975626067461,1.4815318629288547,-11.90397792740932,209.0496451227669,181.28450576168015,181.0,[1]
56.91737214141347,-44.72030917734501,-29.53975626067461,1.4815318629288547,-11.90397792740932,209.0496451227669,181.28450576168015,181.0,[1]
12.384643214100379,-27.539200659245417,-19.741694776785213,8.898789381794243,-7.251238664310411,209.0496451227669,175.80094361832076,176.0,[1]
16.71832134571706,-43.100367643365004,-26.11682204090455,-0.9543714792110807,1.2055034796542639,209.0496451227669,156.80190878465768,160.0,[2]
-7.655182589100823,-69.00134701733293,-25.357670063100745,3.8918440371709018,45.21588265201856,209.0496451227669,156.1431721424219,163.9,[2]
-38.475212850088376,-81.32319556470821,-33.37604185533851,18.030124226502775,-18.75010685321333,209.0496451227669,55.15521222592133,55.0,[3]
-32.665029976071814,-77.30992631427482,-42.173904515332964,-0.6019087042565634,-18.093099736950172,209.0496451227669,38.20577587588054,39.0,[3]
-27.948294085464436,-78.9106783196883,-47.99038421798471,-16.888003582140026,-12.288462648863664,209.0496451227669,25.023822268625807,25.0,[3]
20.762657018602145,-99.00914276763282,-9.525170709791645,6.291908875855671,62.8448220926405,209.0496451227669,190.4147196324411,190.0,[4]
12.370713434359473,-68.40294958625984,22.16360606899701,-13.573479085547008,-33.83666226589831,209.0496451227669,127.77087368841791,127.0,[4]
16.93785467921015,-82.31437590220615,-5.432275107174214,4.29597765076275,-21.25414525189761,209.0496451227669,121.28268119146202,120.0,[4]
-3.2504201505567845,-87.09540437443218,30.229198135152775,-9.942009724485157,-4.981034698225059,209.0496451227669,134.00997431022094,135.0,[4]
73.37658011503781,-68.25109411884497,-21.887122553797223,6.775615680477072,-11.771828498929239,209.0496451227669,187.29179574670954,186.0,[5]
14.161458668695584,-65.51592420788637,-18.220162638030075,3.982613786181674,-7.072239604173957,209.0496451227669,136.3853911275541,139.0,[5]
-16.93432374426209,-79.42712097461555,-35.30408968097173,-3.6617809582994316,-10.570455565939112,209.0496451227669,63.15187419867898,52.0,[5]
-31.546868564066873,-119.9780281590016,-35.66219192083895,-6.865441861020671,74.36064322648569,209.0496451227669,89.35775784432481,88.0,[5]
-28.40193741494108,-67.94373858820869,-48.62806295728105,-6.545581497949835,-28.331549917730772,209.0496451227669,29.19877474665536,29.0,[6]
-32.665029976071814,-77.30992631427482,-42.173904515332964,-0.6019087042565634,-18.093099736950172,209.0496451227669,38.20577587588054,37.0,[7]
-36.649259437935335,-79.13808394415062,-55.03315813104052,-1.4750014994109342,-20.163832823718263,209.0496451227669,16.590309286511335,18.0,[7]
-36.76479742182577,-80.21596725009299,-55.10515117547199,-4.423884146163511,-21.25387796988652,209.0496451227669,11.28596715932629,9.0,[7]
-25.070910079332233,-70.51055853567026,-66.04463844176655,-7.923857047116477,0.362236088239129,209.0496451227669,39.861917107120895,39.0,[8]
-27.521833100528863,-77.31804858977354,-58.404506277830926,-10.217042379688277,5.93653864813876,209.0496451227669,41.52475342308426,44.0,[8]
-27.835704288748897,-76.11445742711226,-55.77883089159509,-10.574314766656823,5.62196508772322,209.0496451227669,44.36830283637736,41.0,[8]
-27.822879018717636,-76.0922823628227,-55.755448527839775,-10.588842016051624,5.529857418792213,209.0496451227669,44.32005061612767,43.0,[8]
-23.85979421835727,-81.26690748808899,-58.75610796678096,-6.588182128484415,12.592396351987654,209.0496451227669,51.17104967304329,51.0,[9]
-23.093082848664146,-81.13556599451243,-58.23000364861734,-7.323560308755636,8.446789997534513,209.0496451227669,47.71422231975219,49.0,[9]
-27.835704288748897,-76.11445742711226,-55.77883089159509,-10.574314766656823,5.62196508772322,209.0496451227669,44.36830283637736,47.0,[9]
-26.49568919771602,-76.29604562881248,-41.78044865344018,-3.026161455426397,-18.80980187224249,209.0496451227669,42.641498315129404,44.0,[10]
-26.986675772857296,-74.95536734344948,-44.77933763796912,-1.245339877392111,-17.23424704898323,209.0496451227669,43.8486774421157,44.0,[10]
-28.197760705855117,-76.00560799292133,-45.226410462394085,-4.318787694629713,-10.68982632406345,209.0496451227669,44.611251942903245,44.0,[10]
-27.401510794929806,-77.60826747698174,-44.84010241719677,-17.045273697361868,1.56289145526838,209.0496451227669,43.71738219156521,44.0,[10]
-16.15339028466678,-70.20066104033349,-48.91430057695434,6.324110757508968,19.640081931390597,209.0496451227669,99.74548590971212,98.0,[11]
-16.15339028466678,-70.20066104033349,-48.91430057695434,6.324110757508968,19.640081931390597,209.0496451227669,99.74548590971212,102.0,[11]
-16.15339028466678,-70.20066104033349,-48.91430057695434,6.324110757508968,19.640081931390597,209.0496451227669,99.74548590971212,99.0,[11]
15.235087055207362,131.20526280794385,-1.7277738108938419,12.940808313882794,-37.484417989970794,209.0496451227669,329.21861149893596,329.0,[12]
0.9513353345686545,34.93280867316676,36.95487865361821,0.4548158004978139,-11.537882026895318,209.0496451227669,270.8056015577226,271.0,[13]
-8.339340199215298,29.814154547743183,27.34934382571312,1.3547644065489721,-33.60638789297708,209.0496451227669,225.62217981057975,224.0,[13]
-4.817402232739608,22.089138993708012,24.299293029592267,12.514429072910705,-32.16159894162445,209.0496451227669,230.97350504461392,232.0,[13]
-5.653986688020533,21.1953346244787,24.713042673771646,0.6102782826443724,-14.403089906088871,209.0496451227669,235.511224109552,235.0,[13]
5.790405403950625,58.31164587077854,59.01619236613961,19.157280613074324,-24.83383473016437,209.0496451227669,326.49133464654517,327.6,[13]
5.629542206064024,59.22927959833697,54.63592730556932,6.291147472740194,-25.10187721499547,209.0496451227669,309.73366449048166,308.8,[13]
0.9513353345686545,34.93280867316676,36.95487865361821,0.4548158004978139,-11.537882026895318,209.0496451227669,270.8056015577226,271.3,[13]
1.6580293153181223,35.30673766088124,42.88346187472087,5.542106892598576,0.08657985833522397,209.0496451227669,294.5265607246199,295.5,[13]
-24.567772005860352,-69.74965737792638,-41.56050736211124,-5.750319218336415,-8.02865075508585,209.0496451227669,59.39273840344703,59.0,[14]
-27.079094915019283,-106.41950332529794,-77.43799437752591,-18.673199374750382,28.93598253622386,209.0496451227669,8.375835666396748,8.0,[14]
24.6818569272534,89.76552255070995,35.76882307361181,-20.254693049886725,17.460743232552083,209.0496451227669,356.47189785700743,395.0,[15]
24.6818569272534,89.76552255070995,35.76882307361181,-20.254693049886725,17.460743232552083,209.0496451227669,356.47189785700743,321.0,[15]
5.949500968210343,79.42531674817533,32.538287262038075,-21.873225022469725,-4.78368907761318,209.0496451227669,300.30583600110765,297.0,[15]
4.609119375365754,79.12681555664689,23.646992265928017,-24.218331994173305,-14.068187073272146,209.0496451227669,278.14605325326215,279.0,[15]
5.676462683806662,62.60309513764517,17.95898638124344,-22.41421318398653,-9.818348587760815,209.0496451227669,263.0556275537146,264.0,[15]
19.843195942820696,81.82004072478462,30.16599318053291,-25.772846641302543,-12.350616011336596,209.0496451227669,302.75541231826594,299.0,[15]
7.124463383794977,74.33276313535254,35.900727711582526,-25.10771611401999,-11.987802432277803,209.0496451227669,289.31208080719915,292.0,[15]
-48.97463270537593,1.032604474843583,21.09540934108056,-11.131293916519548,-32.47966141145533,209.0496451227669,138.5920709053403,138.0,[16]
-21.313886634162,6.3753760516973115,24.575457668654916,-10.085323813841025,-28.415624913317707,209.0496451227669,180.1856434817981,178.0,[16]
-20.2928288232866,9.111567051265421,29.927846893356033,-3.717400585770553,-25.011723182667694,209.0496451227669,199.06710647566322,200.0,[16]
19.083350185253927,182.99044526068204,-12.909645095678938,74.1647028802906,178.34910524072478,209.0496451227669,650.7276035940392,651.0,[17]
48.97830474132402,207.92602709529933,47.21495552260575,47.88213876317066,174.95431273861078,209.0496451227669,736.0053839837778,736.0,[17]
24.925863967751997,204.63081720503953,20.854053900628376,55.83734812605371,135.23062689358605,209.0496451227669,650.5283552158268,651.0,[17]
6.899386983748441,14.74546504300805,-85.58476106607084,-27.834025837557647,-12.196439982034958,209.0496451227669,105.07927026386007,113.0,[18]
-10.084326985763088,53.187998009787265,-60.04869927294943,-32.43228733832311,-40.49888733889255,209.0496451227669,119.17344219662643,120.0,[18]
-12.055842575161257,49.83881256133499,-56.171044960424204,-29.377652565367665,-51.11259001932516,209.0496451227669,110.17132756382384,110.0,[18]
4.184745860421484,80.14103635596058,-39.16313403804205,-22.60514808064272,-8.726498405107826,209.0496451227669,222.88064681535676,223.0,[18]
-8.883551980360043,23.68978113776316,50.41005156377761,13.7154910339718,7.0114525316625755,209.0496451227669,294.99286940958143,295.0,[19]
52.83826002149579,22.775767717336105,33.364402383867656,-24.656396986710227,1.51578437373197,209.0496451227669,294.88746263248834,295.0,[20]
26.028543521536886,84.67051111332835,11.990015252966753,-13.175426220416208,-21.7711859326065,209.0496451227669,296.79210285757614,297.0,[21]
-61.085114800200195,-75.51351122088204,15.295647580495995,-12.035249639931711,-40.83041570587476,209.0496451227669,34.88100133637397,35.0,[22]
-54.82169941025687,-85.57428679541863,10.319542473952668,-0.8521292227555005,-38.12183670151411,209.0496451227669,39.99923546677463,40.0,[22]
17.015551204491757,-57.891093526797164,-27.859650574529166,11.328423435600085,41.14626914968812,209.0496451227669,192.78914481122067,190.0,[23]
8.209804446809088,-85.3816561079565,-1.8681709060196214,1.6540759402826288,-15.488635491597709,209.0496451227669,116.17506300428508,117.0,[23]
14.08083173951682,-82.01351249534096,-5.227306929617613,4.322736373995868,-20.857321995035182,209.0496451227669,119.35507181628603,120.0,[23]
-21.223266600256885,-67.80605505040283,0.6372626871007789,0.2347087325124754,22.19982628489723,209.0496451227669,143.09212117661735,144.0,[24]
-21.223266600256885,-67.80605505040283,0.6372626871007789,0.2347087325124754,22.19982628489723,209.0496451227669,143.09212117661735,143.0,[24]
-21.223266600256885,-67.80605505040283,0.6372626871007789,0.2347087325124754,22.19982628489723,209.0496451227669,143.09212117661735,146.0,[24]
-21.223266600256885,-67.80605505040283,0.6372626871007789,0.2347087325124754,22.19982628489723,209.0496451227669,143.09212117661735,139.0,[24]
-32.997579846272835,21.0494190320431,-61.87849164817107,-2.346116990429094,86.25194952733027,209.0496451227669,219.1288251972674,219.0,[25]
-28.766343227621064,40.776027402042914,-55.91570342367526,29.156406795984076,90.34970743569552,209.0496451227669,284.6497401051925,285.0,[25]
-34.979865713172494,19.192709780723295,-61.42267712549433,26.77254284605499,88.63687672023123,209.0496451227669,247.2492316311098,247.0,[25]
0.5739146540314476,52.96652298719239,72.19553410422125,21.783848493076047,55.24799286287617,209.0496451227669,411.8174582241636,412.0,[26]
46.47891323947772,112.93908760805601,88.38384434327236,34.57749267959405,68.51806568408117,209.0496451227669,559.9470486772489,560.0,[27]
55.37268689925152,-68.89942683366242,-15.909393989847173,4.614012666984118,-19.58622039003799,209.0496451227669,164.64130347545466,163.0,[28]
21.197826204965065,20.673177219535543,63.61429659374203,23.672769697974886,-10.283224725107997,209.0496451227669,327.9244901138764,322.0,[29]
21.197826204965065,20.673177219535543,63.61429659374203,23.672769697974886,-10.283224725107997,209.0496451227669,327.9244901138764,334.0,[29]
19.26202765660091,49.74524078887481,54.82768301436934,-9.604412106835962,16.544520823605453,209.0496451227669,339.8247052993815,340.0,[30]
-60.70785646430043,1.9414227586629362,19.484854601399075,-12.50885093161265,-21.982927111436982,209.0496451227669,135.27628797547882,137.0,[31]
-1.5343886016327943,92.4247521169951,45.04035594773573,-16.80111725128879,-7.167004164181089,209.0496451227669,321.01224317039527,321.0,[32]
-15.630253883978417,-59.02886551536467,-49.412340365615066,5.253707619906209,3.912520178363968,209.0496451227669,94.14441315607884,94.0,[33]
-28.471335624479757,-75.86259156019754,-50.379328450046366,0.502759517885377,-21.095687729477856,209.0496451227669,33.743461276451114,33.6,[33]
-20.888797512372278,-89.6472516821134,-60.63398523565336,3.444146636837975,39.00013955509513,209.0496451227669,80.32389688456131,81.0,[33]
-26.13575779141062,-74.34110520483297,-32.077911300910905,23.64802729411153,-2.9854451210567325,209.0496451227669,97.15745299866774,97.0,[33]
-16.139676724662806,-70.37333828823563,-48.12093488520821,6.588016018914786,18.602716530344743,209.0496451227669,99.60642777392009,100.0,[33]
-15.159727374288483,30.147712109408808,-97.59522272585833,-43.24628745312494,-46.21582761236822,209.0496451227669,36.98029206653568,36.0,[33]
-16.042043645387544,-6.404859284290135,-82.81369838185053,-42.55582237113227,-15.030121543061576,209.0496451227669,46.20309989704442,48.0,[33]
0.2361811346590297,3.4904924962145882,-49.91111919983451,-0.36858169334890345,-2.322186471941995,209.0496451227669,160.1744313885147,171.0,[33]
-15.527378105658235,1.199694735854939,-82.63977529009135,-32.569745594713034,-12.205304019076753,209.0496451227669,67.30713684908241,65.0,[33]
6.899386983748441,14.74546504300805,-85.58476106607084,-27.834025837557647,-12.196439982034958,209.0496451227669,105.07927026386007,100.0,[33]
7.7372542086056555,7.414902800854453,-53.89836251139149,-22.025582299591164,-20.285742988409606,209.0496451227669,127.99211433283465,131.0,[33]
0.2361811346590297,3.4904924962145882,-49.91111919983451,-0.36858169334890345,-2.322186471941995,209.0496451227669,160.1744313885147,148.0,[33]
12.760877509489895,-31.090121064497747,18.281077960701044,-36.11225582803508,-24.31952440139783,209.0496451227669,148.56969929902672,150.0,[33]
2.2890056487478994,18.954422223071187,-40.05407083839223,3.104739001200545,-0.9095486204681797,209.0496451227669,192.43419253692562,193.0,[33]
17.098851939071285,-6.450415192997625,-12.239521413735298,-20.163016065579967,22.329781818975096,209.0496451227669,209.6253262085007,210.0,[33]
63.854525326275045,141.50354266914897,97.22640187762669,40.92084639248626,7.309992178288331,209.0496451227669,559.8649535665933,560.0,[33]
45.45628751572657,90.00569043013697,85.8473353554019,31.85081857072479,-7.1437389257693855,209.0496451227669,455.06603806898823,455.0,[33]
95.54077156675011,142.82708189932717,119.06856675037476,47.57038291047079,70.31622553073716,209.0496451227669,684.3726737804287,685.0,[33]
28.83686348337718,47.67131709822496,74.22241983662747,27.763052618418865,64.59870386647067,209.0496451227669,452.1420020258862,442.0,[34]
28.83686348337718,47.67131709822496,74.22241983662747,27.763052618418865,64.59870386647067,209.0496451227669,452.1420020258862,462.0,[34]
-8.386837992247878,15.645696755929805,-32.13797234856229,2.4056664680149367,84.50055155704942,209.0496451227669,271.07674956295136,270.0,[35]
45.45628751572657,90.00569043013697,85.8473353554019,31.85081857072479,-7.1437389257693855,209.0496451227669,455.06603806898823,455.0,[35]
43.665506016861556,-45.14737233359891,55.727906678207646,24.338006487998474,-19.507249940046545,209.0496451227669,268.126442032189,268.0,[36]
43.665506016861556,-45.14737233359891,55.727906678207646,24.338006487998474,-19.507249940046545,209.0496451227669,268.126442032189,268.0,[36]
14.423496579849054,18.45771575910379,50.434034035853806,9.403606658108835,-22.644337485655363,209.0496451227669,279.1241606700271,280.0,[36]
14.423496579849054,18.45771575910379,50.434034035853806,9.403606658108835,-22.644337485655363,209.0496451227669,279.1241606700271,280.0,[36]
19.947138357459618,26.35400641752744,52.98274662599201,10.17284239340028,-17.662585035488043,209.0496451227669,300.8437938816583,300.0,[36]
19.947138357459618,26.35400641752744,52.98274662599201,10.17284239340028,-17.662585035488043,209.0496451227669,300.8437938816583,300.0,[36]
23.434744166961767,27.405983105772613,54.01370607443052,13.629231007286762,-17.650953997695062,209.0496451227669,309.88235547952354,310.0,[36]
23.434744166961767,27.405983105772613,54.01370607443052,13.629231007286762,-17.650953997695062,209.0496451227669,309.88235547952354,310.0,[36]
-4.644297879022038,37.384999471408406,55.36098185430742,19.210674614720592,44.71247324217203,209.0496451227669,361.0744764263526,361.0,[37]
-4.644297879022038,37.384999471408406,55.36098185430742,19.210674614720592,44.71247324217203,209.0496451227669,361.0744764263526,361.0,[37]
-0.17980768895245264,40.79189689408623,63.070952359389594,20.192627621112347,54.12518726237758,209.0496451227669,387.05050157077983,387.0,[37]
-0.17980768895245264,40.79189689408623,63.070952359389594,20.192627621112347,54.12518726237758,209.0496451227669,387.05050157077983,387.0,[37]
14.693756710225225,18.810849883224616,52.43541654258313,12.392072611715713,-23.017465541675552,209.0496451227669,284.36427532884034,282.8,[38]
22.384277797253294,26.992685365063984,56.11988444049638,14.030394615370234,-16.773108763432273,209.0496451227669,311.8037785775187,313.7,[38]
29.431069007101794,28.88825615964189,61.07357555733368,17.7801793583692,0.0018952972952754864,209.0496451227669,346.22462050250914,345.8,[38]
-28.549236688180223,-106.7301212514182,-63.360192728999145,-21.085594417310425,26.060670598358318,209.0496451227669,15.385170635217202,15.0,[39]
-29.792630215779912,-79.56850077073517,-53.52130567869574,-23.474032872348925,-12.505155816779727,209.0496451227669,10.188019768427656,10.0,[39]
-28.782501178278565,-81.95858784369265,-59.30467317331437,-17.95842823002309,1.3414646534776546,209.0496451227669,22.386919350935827,22.0,[39]
6.899386983748441,14.74546504300805,-85.58476106607084,-27.834025837557647,-12.196439982034958,209.0496451227669,105.07927026386007,103.0,[40]
4.277933946511663,8.886333293594182,-60.21555224107982,-22.699933251946906,-36.25937373203027,209.0496451227669,103.03905313781593,102.0,[40]
5.498264768204034,-16.980145838995554,-27.589905647385674,-33.407110807608284,-15.053488103148505,209.0496451227669,121.51725949383273,121.0,[40]
8.534555433523552,-24.052506029464933,-25.136509809510184,-28.683300460926066,-9.313761221380545,209.0496451227669,130.39812303500864,131.0,[40]
5.266072670146407,-3.81975429846599,-16.00260339907066,-23.476054546117226,-10.544241384669531,209.0496451227669,160.47306416459006,160.0,[40]
6.512764087494557,8.655971007558218,24.791549884848934,-16.00980821783765,-12.82925107345459,209.0496451227669,220.17087081137672,220.0,[40]
-33.88650766784214,92.97909248172593,32.96043296743888,7.265304579040281,-16.158814742033172,209.0496451227669,292.2091527410964,292.0,[40]
-2.9963488571465438,92.69485464452458,23.0742829042523,-21.583402202696746,-10.799000070194856,209.0496451227669,289.4400315415055,290.0,[41]
26.997520736911817,-32.95147801012693,14.824379522984117,-38.4601643688883,-27.34436161650176,209.0496451227669,152.11554138714538,150.0,[41]
14.122118732821477,105.57340460262121,47.61373162370041,-8.297910604795776,12.519546333123412,209.0496451227669,380.5805358102376,380.0,[42]
13.145302066208782,119.88055870529227,61.87291536085914,-22.732846498645255,-3.5472289179599232,209.0496451227669,377.668345838522,378.0,[42]
-9.939048688532433,124.22983059697468,62.59657985591298,10.432938017001899,-10.927836437958153,209.0496451227669,385.4421084661662,385.0,[42]
-5.195856790257936,93.12593239537144,50.87217486130945,18.867161108078626,3.105157358851759,209.0496451227669,369.82421405612075,370.0,[42]
