candidate,features,n_features,q_low,q_high,MCC,balanced_accuracy,enrichment,recall,precision,F1,MCC_sd,BA_sd
HEA_VEC_sigma,VEC;sigma,2,0.0,100.0,0.32514647596616536,0.6874518966465091,1.6803031739626857,0.7029411764705883,0.40517948875695964,0.5140266336470568,0.013571423059684727,0.0075474140736309795
HEA_VEC_sigma,VEC;sigma,2,2.5,97.5,0.3188260599023468,0.6781198460692688,1.7652252930583998,0.6235294117647059,0.4256571628651461,0.5058963708904073,0.022330034520816795,0.012789217280659973
HEA_VEC_sigma,VEC;sigma,2,5.0,95.0,0.2139613574467385,0.6142660802638812,1.5840436231213983,0.47058823529411764,0.38196796585906057,0.4216431989063568,0.007536530922770207,0.003447966296133753
HEA_VEC_sigma,VEC;sigma,2,10.0,90.0,0.2074021558899441,0.6084387025838373,1.5950226244343892,0.44117647058823534,0.38461538461538464,0.4109589041095891,0.0,0.0
HEA_VEC_sigma,VEC;sigma,2,15.0,85.0,0.24104771764539373,0.6224573941726222,1.7350889572707093,0.44117647058823534,0.418390245015632,0.42903285972787264,0.027694179333516963,0.011232246964062291
HEA_VEC_sigma,VEC;sigma,2,20.0,80.0,0.22553419557863333,0.6124244090159429,1.713987450016862,0.4117647058823529,0.41330193830193834,0.4121522986858282,0.025420162792470783,0.01033216445593585
HEA_VEC_sigma_dHmix_dSmix,VEC;sigma;dHmix;dSmix,4,0.0,100.0,0.325361179245596,0.6688427707531611,1.9489679009802852,0.5264705882352941,0.4699638910165226,0.49655604862049013,0.011797533314588993,0.005670885386414994
HEA_VEC_sigma_dHmix_dSmix,VEC;sigma;dHmix;dSmix,4,2.5,97.5,0.3001101296212481,0.6453545904343045,2.0021723101508444,0.44117647058823534,0.4827933230150972,0.46069995980489625,0.02987807593209977,0.014763669809112812
HEA_VEC_sigma_dHmix_dSmix,VEC;sigma;dHmix;dSmix,4,5.0,95.0,0.1677027413604284,0.5711379879054426,1.692063224499286,0.2647058823529412,0.40801524562394126,0.3209478241057188,0.014313993164391553,0.0046468641402418655
HEA_VEC_sigma_dHmix_dSmix,VEC;sigma;dHmix;dSmix,4,10.0,90.0,0.24768328353689228,0.5846619021440352,2.363740671093612,0.2235294117647059,0.5699800199800199,0.3204386884571898,0.04366032317950447,0.014106746750168772
HEA_VEC_sigma_dHmix_dSmix,VEC;sigma;dHmix;dSmix,4,15.0,85.0,0.1932165283446287,0.5532985156679494,2.373039215686275,0.1411764705882353,0.5722222222222222,0.22588593576965668,0.03909383797302106,0.00820132100077471
HEA_VEC_sigma_dHmix_dSmix,VEC;sigma;dHmix;dSmix,4,20.0,80.0,0.12503622117307162,0.5224024189114898,2.4191176470588234,0.058823529411764705,0.5833333333333333,0.10668563300142249,0.022803896656386675,0.0024628330686669074
SHAP_VEC_anchor_2,VEC;mag_moment_mean,2,0.0,100.0,0.31849545963707937,0.6836448598130841,1.6641970228737368,0.7,0.4012957360121067,0.5099584294902981,0.026189122752167355,0.014239842552215977
SHAP_VEC_anchor_2,VEC;mag_moment_mean,2,2.5,97.5,0.18186988062151302,0.6016767454645409,1.4347285067873305,0.5117647058823529,0.34596290234588106,0.41251011406050164,0.01887474699186107,0.00952789987618725
SHAP_VEC_anchor_2,VEC;mag_moment_mean,2,5.0,95.0,0.256332699599269,0.6245739417262233,1.8506250000000002,0.4117647058823529,0.44625000000000004,0.428219696969697,0.012254450391072475,0.004514447584482645
SHAP_VEC_anchor_2,VEC;mag_moment_mean,2,10.0,90.0,0.23150202796315605,0.6014843320505772,1.9096604859335038,0.3235294117647059,0.4604855072463768,0.379998359428671,0.008250378042351042,0.00265255239344646
SHAP_VEC_anchor_2,VEC;mag_moment_mean,2,15.0,85.0,0.2455154199498765,0.6056899395272127,1.9920749764436667,0.3235294117647059,0.4803585049580473,0.3862160280336495,0.024367036669768805,0.006965943855139482
SHAP_VEC_anchor_2,VEC;mag_moment_mean,2,20.0,80.0,0.1738415562219062,0.5707943925233645,1.76117717421897,0.25,0.4246810207336523,0.31419685625346,0.02405019122668473,0.008612413191238653
SHAP_VEC_anchor_3,VEC;mag_moment_mean;avg_d_valence_electrons,3,0.0,100.0,0.32834878948273316,0.6866959868059374,1.7355520975446155,0.6705882352941177,0.4185019242306165,0.515102483163087,0.028871580480064333,0.014961229992480667
SHAP_VEC_anchor_3,VEC;mag_moment_mean;avg_d_valence_electrons,3,2.5,97.5,0.13804540315028563,0.5743815283122595,1.3680392156862746,0.4235294117647059,0.3298817966903073,0.3703855754488666,0.020119178253233637,0.009437597739533704
SHAP_VEC_anchor_3,VEC;mag_moment_mean;avg_d_valence_electrons,3,5.0,95.0,0.24789680239086573,0.611984606926883,1.929977375565611,0.35294117647058826,0.4653846153846154,0.40137931034482766,0.009199141925515483,0.002955399682400361
SHAP_VEC_anchor_3,VEC;mag_moment_mean;avg_d_valence_electrons,3,10.0,90.0,0.2764355163057983,0.6150357339197361,2.1722689075630255,0.3235294117647059,0.5238095238095238,0.39999999999999997,0.0,0.0
SHAP_VEC_anchor_3,VEC;mag_moment_mean;avg_d_valence_electrons,3,15.0,85.0,0.29125787014413357,0.6187740516767455,2.2727363445378153,0.3235294117647059,0.5480357142857143,0.4062222222222222,0.02994143142437351,0.007239221207864369
SHAP_VEC_anchor_3,VEC;mag_moment_mean;avg_d_valence_electrons,3,20.0,80.0,0.206369052712955,0.5790681693238042,1.9829308098566887,0.24411764705882355,0.47815352861792493,0.3223546850108354,0.028747823956817013,0.008137414246740764
SHAP_VEC_anchor_4,VEC;mag_moment_mean;avg_d_valence_electrons;melting_point_mean,4,0.0,100.0,0.4501016403873523,0.7248213304013194,2.419431818181818,0.5823529411764706,0.5834090909090909,0.5824945799657837,0.017031218481182102,0.005837769917370309
SHAP_VEC_anchor_4,VEC;mag_moment_mean;avg_d_valence_electrons;melting_point_mean,4,2.5,97.5,0.283929814233595,0.6215915338097856,2.1555261234928755,0.34411764705882353,0.5197722567287785,0.41387914230019496,0.013945719279046745,0.00810873454319495
SHAP_VEC_anchor_4,VEC;mag_moment_mean;avg_d_valence_electrons;melting_point_mean,4,5.0,95.0,0.20039734101267617,0.5760582737768004,1.9637543252595158,0.23529411764705882,0.47352941176470587,0.3143529411764706,0.005659404235282255,0.0014776998412001927
SHAP_VEC_anchor_4,VEC;mag_moment_mean;avg_d_valence_electrons;melting_point_mean,4,10.0,90.0,0.2030379516269501,0.5675508521165475,2.1532805429864252,0.1911764705882353,0.5192307692307693,0.27937095282146157,0.019468644799175858,0.007750680539628353
SHAP_VEC_anchor_4,VEC;mag_moment_mean;avg_d_valence_electrons;melting_point_mean,4,15.0,85.0,0.1539506701199132,0.5473611874656404,1.960427807486631,0.14705882352941177,0.4727272727272728,0.22424242424242427,0.011399760294359199,0.002413073735954807
SHAP_VEC_anchor_4,VEC;mag_moment_mean;avg_d_valence_electrons;melting_point_mean,4,20.0,80.0,0.11120572692072699,0.5326553051126993,1.732549019607843,0.11764705882352941,0.4177777777777778,0.18350951374207186,0.011099678555732573,0.002413073735954763
SHAP_top_2,mag_moment_mean;avg_d_valence_electrons,2,0.0,100.0,0.353028366249012,0.7014018691588786,1.778949667210283,0.7,0.42896658641950075,0.5316838760053443,0.028785756953771547,0.014961229992480621
SHAP_top_2,mag_moment_mean;avg_d_valence_electrons,2,2.5,97.5,0.16424976561582025,0.5890874106652007,1.4302881916287196,0.45294117647058824,0.3448921880523153,0.39109756097560977,0.020346016080856975,0.009437597739533664
SHAP_top_2,mag_moment_mean;avg_d_valence_electrons,2,5.0,95.0,0.24789680239086573,0.611984606926883,1.929977375565611,0.35294117647058826,0.4653846153846154,0.40137931034482766,0.009199141925515483,0.002955399682400361
SHAP_top_2,mag_moment_mean;avg_d_valence_electrons,2,10.0,90.0,0.2764355163057983,0.6150357339197361,2.1722689075630255,0.3235294117647059,0.5238095238095238,0.39999999999999997,0.0,0.0
SHAP_top_2,mag_moment_mean;avg_d_valence_electrons,2,15.0,85.0,0.29125787014413357,0.6187740516767455,2.2727363445378153,0.3235294117647059,0.5480357142857143,0.4062222222222222,0.02994143142437351,0.007239221207864369
SHAP_top_2,mag_moment_mean;avg_d_valence_electrons,2,20.0,80.0,0.206369052712955,0.5790681693238042,1.9829308098566887,0.24411764705882355,0.47815352861792493,0.3223546850108354,0.028747823956817013,0.008137414246740764
SHAP_top_3,mag_moment_mean;avg_d_valence_electrons;melting_point_mean,3,0.0,100.0,0.47483530237622895,0.7395272127542606,2.4687829150980733,0.611764705882353,0.5953093554137198,0.6030485581144054,0.01695314493164495,0.005837769917370277
SHAP_top_3,mag_moment_mean;avg_d_valence_electrons;melting_point_mean,3,2.5,97.5,0.31278653931746764,0.6362974161627268,2.240488922841864,0.3735294117647059,0.5402597402597402,0.44147783251231526,0.013345481825543933,0.008108734543194976
SHAP_top_3,mag_moment_mean;avg_d_valence_electrons;melting_point_mean,3,5.0,95.0,0.20039734101267617,0.5760582737768004,1.9637543252595158,0.23529411764705882,0.47352941176470587,0.3143529411764706,0.005659404235282255,0.0014776998412001927
SHAP_top_3,mag_moment_mean;avg_d_valence_electrons;melting_point_mean,3,10.0,90.0,0.2030379516269501,0.5675508521165475,2.1532805429864252,0.1911764705882353,0.5192307692307693,0.27937095282146157,0.019468644799175858,0.007750680539628353
SHAP_top_3,mag_moment_mean;avg_d_valence_electrons;melting_point_mean,3,15.0,85.0,0.1539506701199132,0.5473611874656404,1.960427807486631,0.14705882352941177,0.4727272727272728,0.22424242424242427,0.011399760294359199,0.002413073735954807
SHAP_top_3,mag_moment_mean;avg_d_valence_electrons;melting_point_mean,3,20.0,80.0,0.11120572692072699,0.5326553051126993,1.732549019607843,0.11764705882352941,0.4177777777777778,0.18350951374207186,0.011099678555732573,0.002413073735954763
SHAP_top_4,mag_moment_mean;avg_d_valence_electrons;melting_point_mean;dSmix,4,0.0,100.0,0.3920789636257417,0.6800164925783398,2.4339490458390713,0.46470588235294114,0.5869096989966555,0.5181591896636069,0.01963496037206598,0.005837769917370277
SHAP_top_4,mag_moment_mean;avg_d_valence_electrons;melting_point_mean;dSmix,4,2.5,97.5,0.32116884055134387,0.6282572842221,2.4433409215079225,0.3294117647058824,0.5891744066047472,0.42229099670831083,0.02102620677186275,0.01081971862196812
SHAP_top_4,mag_moment_mean;avg_d_valence_electrons;melting_point_mean;dSmix,4,5.0,95.0,0.19152701606705763,0.5615997800989555,2.133850267379679,0.17647058823529413,0.5145454545454545,0.262635046113307,0.015795719525361247,0.0031539652229465127
SHAP_top_4,mag_moment_mean;avg_d_valence_electrons;melting_point_mean;dSmix,4,10.0,90.0,0.26377458853682445,0.5605689939527212,3.2919747899159666,0.1323529411764706,0.7938095238095239,0.22656347717323327,0.03691992305957775,0.009169424299280892
SHAP_top_4,mag_moment_mean;avg_d_valence_electrons;melting_point_mean;dSmix,4,15.0,85.0,0.17311966557616407,0.5266080263881253,3.3176470588235296,0.058823529411764705,0.8,0.10930930930930931,0.034146504322835766,0.002413073735954807
SHAP_top_4,mag_moment_mean;avg_d_valence_electrons;melting_point_mean;dSmix,4,20.0,80.0,-0.028584776588307825,0.497196261682243,0.0,0.0,0.0,0.0,0.02460185859590575,0.0024130737359547706
original_electronic_3,VEC;avg_d_valence_electrons;mag_moment_mean,3,0.0,100.0,0.32834878948273316,0.6866959868059374,1.7355520975446155,0.6705882352941177,0.4185019242306165,0.515102483163087,0.028871580480064333,0.014961229992480667
original_electronic_3,VEC;avg_d_valence_electrons;mag_moment_mean,3,2.5,97.5,0.13804540315028563,0.5743815283122595,1.3680392156862746,0.4235294117647059,0.3298817966903073,0.3703855754488666,0.020119178253233637,0.009437597739533704
original_electronic_3,VEC;avg_d_valence_electrons;mag_moment_mean,3,5.0,95.0,0.24789680239086573,0.611984606926883,1.929977375565611,0.35294117647058826,0.4653846153846154,0.40137931034482766,0.009199141925515483,0.002955399682400361
original_electronic_3,VEC;avg_d_valence_electrons;mag_moment_mean,3,10.0,90.0,0.2764355163057983,0.6150357339197361,2.1722689075630255,0.3235294117647059,0.5238095238095238,0.39999999999999997,0.0,0.0
original_electronic_3,VEC;avg_d_valence_electrons;mag_moment_mean,3,15.0,85.0,0.29125787014413357,0.6187740516767455,2.2727363445378153,0.3235294117647059,0.5480357142857143,0.4062222222222222,0.02994143142437351,0.007239221207864369
original_electronic_3,VEC;avg_d_valence_electrons;mag_moment_mean,3,20.0,80.0,0.206369052712955,0.5790681693238042,1.9829308098566887,0.24411764705882355,0.47815352861792493,0.3223546850108354,0.028747823956817013,0.008137414246740764
