repeat,outer_fold,objective,candidate,features,n_features,q_low,q_high,n,positives,TP,TN,FP,FN,precision,recall,specificity,balanced_accuracy,F1,MCC,base_rate,enrichment,bounds_json
0,1,robust_mcc,SHAP_top_2,mag_moment_mean;melting_point_mean,2,0.0,100.0,122,33,28,75,14,5,0.6666666666666666,0.8484848484848485,0.8426966292134831,0.8455907388491658,0.7466666666666666,0.6462111183218237,0.27049180327868855,2.464646464646464,"{""mag_moment_mean"": [0.4453462461215974, 1.5841829155134], ""melting_point_mean"": [1533.84621781, 1866.894444444445]}"
0,1,legacy_f1,SHAP_top_2,mag_moment_mean;melting_point_mean,2,0.0,100.0,122,33,28,75,14,5,0.6666666666666666,0.8484848484848485,0.8426966292134831,0.8455907388491658,0.7466666666666666,0.6462111183218237,0.27049180327868855,2.464646464646464,"{""mag_moment_mean"": [0.4453462461215974, 1.5841829155134], ""melting_point_mean"": [1533.84621781, 1866.894444444445]}"
0,2,robust_mcc,SHAP_top_2,mag_moment_mean;avg_d_valence_electrons,2,20.0,80.0,124,26,8,93,5,18,0.6153846153846154,0.3076923076923077,0.9489795918367347,0.6283359497645212,0.4102564102564103,0.3410710600121617,0.20967741935483872,2.93491124260355,"{""avg_d_valence_electrons"": [4.892855, 7.1], ""mag_moment_mean"": [0.5168444456226068, 0.8509708653448276]}"
0,2,legacy_f1,SHAP_top_3,mag_moment_mean;avg_d_valence_electrons;melting_point_mean,3,0.0,100.0,124,26,12,83,15,14,0.4444444444444444,0.46153846153846156,0.8469387755102041,0.6542386185243328,0.4528301886792453,0.30426716290522465,0.20967741935483872,2.1196581196581197,"{""avg_d_valence_electrons"": [3.701747, 7.195], ""mag_moment_mean"": [0.4453462461215974, 1.5841829155134], ""melting_point_mean"": [1533.84621781, 1866.894444444445]}"
0,3,robust_mcc,SHAP_top_2,avg_d_valence_electrons;melting_point_mean,2,0.0,100.0,124,29,18,78,17,11,0.5142857142857142,0.6206896551724138,0.8210526315789474,0.7208711433756806,0.5625,0.41543276975733695,0.23387096774193547,2.199014778325123,"{""avg_d_valence_electrons"": [3.694703000000001, 7.195], ""melting_point_mean"": [1533.84621781, 1866.894444444445]}"
0,3,legacy_f1,SHAP_top_2,avg_d_valence_electrons;melting_point_mean,2,0.0,100.0,124,29,18,78,17,11,0.5142857142857142,0.6206896551724138,0.8210526315789474,0.7208711433756806,0.5625,0.41543276975733695,0.23387096774193547,2.199014778325123,"{""avg_d_valence_electrons"": [3.694703000000001, 7.195], ""melting_point_mean"": [1533.84621781, 1866.894444444445]}"
0,4,robust_mcc,SHAP_top_2,mag_moment_mean;melting_point_mean,2,0.0,100.0,128,31,24,85,12,7,0.6666666666666666,0.7741935483870968,0.8762886597938144,0.8252411040904556,0.7164179104477612,0.6198077072462999,0.2421875,2.7526881720430105,"{""mag_moment_mean"": [0.4552691231034483, 1.5841829155134], ""melting_point_mean"": [1533.84621781, 1744.7971]}"
0,4,legacy_f1,SHAP_top_2,mag_moment_mean;melting_point_mean,2,0.0,100.0,128,31,24,85,12,7,0.6666666666666666,0.7741935483870968,0.8762886597938144,0.8252411040904556,0.7164179104477612,0.6198077072462999,0.2421875,2.7526881720430105,"{""mag_moment_mean"": [0.4552691231034483, 1.5841829155134], ""melting_point_mean"": [1533.84621781, 1744.7971]}"
0,5,robust_mcc,SHAP_top_2,avg_d_valence_electrons;melting_point_mean,2,0.0,100.0,130,32,21,82,16,11,0.5675675675675675,0.65625,0.8367346938775511,0.7464923469387755,0.6086956521739131,0.47062947846125647,0.24615384615384617,2.305743243243243,"{""avg_d_valence_electrons"": [3.694703000000001, 7.195], ""melting_point_mean"": [1536.19443048, 1866.894444444445]}"
0,5,legacy_f1,SHAP_top_2,avg_d_valence_electrons;melting_point_mean,2,0.0,100.0,130,32,21,82,16,11,0.5675675675675675,0.65625,0.8367346938775511,0.7464923469387755,0.6086956521739131,0.47062947846125647,0.24615384615384617,2.305743243243243,"{""avg_d_valence_electrons"": [3.694703000000001, 7.195], ""melting_point_mean"": [1536.19443048, 1866.894444444445]}"
0,6,robust_mcc,SHAP_top_2,mag_moment_mean;avg_d_valence_electrons,2,0.0,100.0,128,32,22,82,14,10,0.6111111111111112,0.6875,0.8541666666666666,0.7708333333333333,0.6470588235294118,0.5216720300383333,0.25,2.4444444444444446,"{""avg_d_valence_electrons"": [3.694703000000001, 7.195], ""mag_moment_mean"": [0.4453462461215974, 0.9892078375]}"
0,6,legacy_f1,SHAP_top_2,mag_moment_mean;avg_d_valence_electrons,2,0.0,100.0,128,32,22,82,14,10,0.6111111111111112,0.6875,0.8541666666666666,0.7708333333333333,0.6470588235294118,0.5216720300383333,0.25,2.4444444444444446,"{""avg_d_valence_electrons"": [3.694703000000001, 7.195], ""mag_moment_mean"": [0.4453462461215974, 0.9892078375]}"
0,7,robust_mcc,SHAP_top_4,avg_d_valence_electrons;mag_moment_mean;electronegativity_range;melting_point_mean,4,0.0,100.0,126,28,21,85,13,7,0.6176470588235294,0.75,0.8673469387755102,0.8086734693877551,0.6774193548387097,0.5782131711738867,0.2222222222222222,2.7794117647058827,"{""avg_d_valence_electrons"": [3.694703000000001, 7.01], ""electronegativity_range"": [0.28, 0.8099999999999998], ""mag_moment_mean"": [0.4453462461215974, 1.5841829155134], ""melting_point_mean"": [1533.84621781, 1866.894444444445]}"
0,7,legacy_f1,SHAP_top_4,avg_d_valence_electrons;mag_moment_mean;electronegativity_range;melting_point_mean,4,0.0,100.0,126,28,21,85,13,7,0.6176470588235294,0.75,0.8673469387755102,0.8086734693877551,0.6774193548387097,0.5782131711738867,0.2222222222222222,2.7794117647058827,"{""avg_d_valence_electrons"": [3.694703000000001, 7.01], ""electronegativity_range"": [0.28, 0.8099999999999998], ""mag_moment_mean"": [0.4453462461215974, 1.5841829155134], ""melting_point_mean"": [1533.84621781, 1866.894444444445]}"
0,8,robust_mcc,HEA_VEC_sigma,VEC;sigma,2,0.0,100.0,130,32,22,67,31,10,0.41509433962264153,0.6875,0.6836734693877551,0.6855867346938775,0.5176470588235295,0.3253731081193105,0.24615384615384617,1.6863207547169812,"{""VEC"": [6.42, 9.0651], ""sigma"": [0.3399483341407857, 18.13641543376212]}"
0,8,legacy_f1,SHAP_top_4,mag_moment_mean;avg_d_valence_electrons;nunfilled_mean;melting_point_mean,4,0.0,100.0,130,32,19,86,12,13,0.6129032258064516,0.59375,0.8775510204081632,0.7356505102040816,0.6031746031746031,0.47641778194476075,0.24615384615384617,2.4899193548387095,"{""avg_d_valence_electrons"": [3.694703000000001, 7.195], ""mag_moment_mean"": [0.4453462461215974, 1.5841829155134], ""melting_point_mean"": [1533.84621781, 1866.894444444445], ""nunfilled_mean"": [3.005, 4.848611]}"
0,9,robust_mcc,SHAP_top_3,avg_d_valence_electrons;mag_moment_mean;melting_point_mean,3,0.0,100.0,129,31,12,84,14,19,0.46153846153846156,0.3870967741935484,0.8571428571428571,0.6221198156682027,0.42105263157894735,0.26013856138048264,0.24031007751937986,1.9205955334987592,"{""avg_d_valence_electrons"": [3.694703000000001, 7.195], ""mag_moment_mean"": [0.4453462461215974, 1.5841829155134], ""melting_point_mean"": [1533.84621781, 1866.894444444445]}"
0,9,legacy_f1,SHAP_top_3,avg_d_valence_electrons;mag_moment_mean;melting_point_mean,3,0.0,100.0,129,31,12,84,14,19,0.46153846153846156,0.3870967741935484,0.8571428571428571,0.6221198156682027,0.42105263157894735,0.26013856138048264,0.24031007751937986,1.9205955334987592,"{""avg_d_valence_electrons"": [3.694703000000001, 7.195], ""mag_moment_mean"": [0.4453462461215974, 1.5841829155134], ""melting_point_mean"": [1533.84621781, 1866.894444444445]}"
0,10,robust_mcc,SHAP_top_2,mag_moment_mean;avg_d_valence_electrons,2,0.0,100.0,128,32,22,82,14,10,0.6111111111111112,0.6875,0.8541666666666666,0.7708333333333333,0.6470588235294118,0.5216720300383333,0.25,2.4444444444444446,"{""avg_d_valence_electrons"": [3.694703000000001, 7.195], ""mag_moment_mean"": [0.4453462461215974, 1.5841829155134]}"
0,10,legacy_f1,SHAP_top_3,mag_moment_mean;avg_d_valence_electrons;melting_point_mean,3,0.0,100.0,128,32,19,90,6,13,0.76,0.59375,0.9375,0.765625,0.6666666666666666,0.5802577264683458,0.25,3.04,"{""avg_d_valence_electrons"": [3.694703000000001, 7.195], ""mag_moment_mean"": [0.4453462461215974, 1.5841829155134], ""melting_point_mean"": [1533.84621781, 1866.894444444445]}"
1,1,robust_mcc,SHAP_top_2,mag_moment_mean;melting_point_mean,2,2.5,97.5,122,33,24,79,10,9,0.7058823529411765,0.7272727272727273,0.8876404494382022,0.8074565883554647,0.7164179104477613,0.6092351864535412,0.27049180327868855,2.6096256684491976,"{""mag_moment_mean"": [0.4552691231034483, 1.1082028531026795], ""melting_point_mean"": [1533.84621781, 1769.216568888889]}"
1,1,legacy_f1,SHAP_top_2,mag_moment_mean;melting_point_mean,2,2.5,97.5,122,33,24,79,10,9,0.7058823529411765,0.7272727272727273,0.8876404494382022,0.8074565883554647,0.7164179104477613,0.6092351864535412,0.27049180327868855,2.6096256684491976,"{""mag_moment_mean"": [0.4552691231034483, 1.1082028531026795], ""melting_point_mean"": [1533.84621781, 1769.216568888889]}"
1,2,robust_mcc,SHAP_VEC_anchor_2,VEC;avg_d_valence_electrons,2,10.0,90.0,124,26,16,62,36,10,0.3076923076923077,0.6153846153846154,0.6326530612244898,0.6240188383045526,0.4102564102564103,0.20462064364006322,0.20967741935483872,1.467455621301775,"{""VEC"": [6.6416, 9.0388], ""avg_d_valence_electrons"": [4.2799585, 7.1625000000000005]}"
1,2,legacy_f1,HEA_VEC_sigma,VEC;sigma,2,5.0,95.0,124,26,14,78,20,12,0.4117647058823529,0.5384615384615384,0.7959183673469388,0.6671899529042387,0.4666666666666667,0.30512596763806615,0.20967741935483872,1.9638009049773755,"{""VEC"": [6.4725, 9.05685], ""sigma"": [2.0866260880468515, 5.773165534299585]}"
1,3,robust_mcc,SHAP_top_2,avg_d_valence_electrons;mag_moment_mean,2,0.0,100.0,129,32,21,73,24,11,0.4666666666666667,0.65625,0.7525773195876289,0.7044136597938144,0.5454545454545454,0.3704715529913826,0.24806201550387597,1.88125,"{""avg_d_valence_electrons"": [3.694703000000001, 7.195], ""mag_moment_mean"": [0.4453462461215974, 1.5841829155134]}"
1,3,legacy_f1,SHAP_top_2,avg_d_valence_electrons;mag_moment_mean,2,0.0,100.0,129,32,21,73,24,11,0.4666666666666667,0.65625,0.7525773195876289,0.7044136597938144,0.5454545454545454,0.3704715529913826,0.24806201550387597,1.88125,"{""avg_d_valence_electrons"": [3.694703000000001, 7.195], ""mag_moment_mean"": [0.4453462461215974, 1.5841829155134]}"
1,4,robust_mcc,SHAP_top_2,mag_moment_mean;melting_point_mean,2,0.0,100.0,129,32,27,84,13,5,0.675,0.84375,0.865979381443299,0.8548646907216495,0.75,0.6627178097157876,0.24806201550387597,2.72109375,"{""mag_moment_mean"": [0.4453462461215974, 1.5841829155134], ""melting_point_mean"": [1533.84621781, 1744.7971]}"
1,4,legacy_f1,SHAP_top_2,mag_moment_mean;melting_point_mean,2,0.0,100.0,129,32,27,84,13,5,0.675,0.84375,0.865979381443299,0.8548646907216495,0.75,0.6627178097157876,0.24806201550387597,2.72109375,"{""mag_moment_mean"": [0.4453462461215974, 1.5841829155134], ""melting_point_mean"": [1533.84621781, 1744.7971]}"
1,5,robust_mcc,SHAP_top_2,mag_moment_mean;melting_point_mean,2,0.0,100.0,126,28,20,83,15,8,0.5714285714285714,0.7142857142857143,0.8469387755102041,0.7806122448979592,0.634920634920635,0.5209234989606968,0.2222222222222222,2.5714285714285716,"{""mag_moment_mean"": [0.4453462461215974, 1.5841829155134], ""melting_point_mean"": [1533.84621781, 1866.894444444445]}"
1,5,legacy_f1,SHAP_top_2,mag_moment_mean;melting_point_mean,2,0.0,100.0,126,28,20,83,15,8,0.5714285714285714,0.7142857142857143,0.8469387755102041,0.7806122448979592,0.634920634920635,0.5209234989606968,0.2222222222222222,2.5714285714285716,"{""mag_moment_mean"": [0.4453462461215974, 1.5841829155134], ""melting_point_mean"": [1533.84621781, 1866.894444444445]}"
1,6,robust_mcc,SHAP_top_2,mag_moment_mean;avg_d_valence_electrons,2,0.0,100.0,127,32,22,82,13,10,0.6285714285714286,0.6875,0.8631578947368421,0.7753289473684211,0.6567164179104478,0.5350455126021871,0.25196850393700787,2.494642857142857,"{""avg_d_valence_electrons"": [3.694703000000001, 7.195], ""mag_moment_mean"": [0.4453462461215974, 0.9454508222222224]}"
1,6,legacy_f1,SHAP_top_2,mag_moment_mean;avg_d_valence_electrons,2,0.0,100.0,127,32,22,82,13,10,0.6285714285714286,0.6875,0.8631578947368421,0.7753289473684211,0.6567164179104478,0.5350455126021871,0.25196850393700787,2.494642857142857,"{""avg_d_valence_electrons"": [3.694703000000001, 7.195], ""mag_moment_mean"": [0.4453462461215974, 0.9454508222222224]}"
1,7,robust_mcc,HEA_VEC_sigma,VEC;sigma,2,20.0,80.0,129,31,13,87,11,18,0.5416666666666666,0.41935483870967744,0.8877551020408163,0.6535549703752469,0.4727272727272728,0.33719993993496955,0.24031007751937986,2.254032258064516,"{""VEC"": [6.48, 8.916400000000001], ""sigma"": [3.160106011806786, 5.779255888895785]}"
1,7,legacy_f1,HEA_VEC_sigma,VEC;sigma,2,20.0,80.0,129,31,13,87,11,18,0.5416666666666666,0.41935483870967744,0.8877551020408163,0.6535549703752469,0.4727272727272728,0.33719993993496955,0.24031007751937986,2.254032258064516,"{""VEC"": [6.48, 8.916400000000001], ""sigma"": [3.160106011806786, 5.779255888895785]}"
1,8,robust_mcc,SHAP_top_2,avg_d_valence_electrons;mag_moment_mean,2,0.0,100.0,126,29,18,80,17,11,0.5142857142857142,0.6206896551724138,0.8247422680412371,0.7227159616068255,0.5625,0.4186118195966637,0.23015873015873015,2.2344827586206897,"{""avg_d_valence_electrons"": [3.694703000000001, 7.195], ""mag_moment_mean"": [0.4453462461215974, 1.5841829155134]}"
1,8,legacy_f1,SHAP_top_2,avg_d_valence_electrons;mag_moment_mean,2,5.0,95.0,126,29,14,92,5,15,0.7368421052631579,0.4827586206896552,0.9484536082474226,0.715606114468539,0.5833333333333334,0.5072327021371953,0.23015873015873015,3.201451905626134,"{""avg_d_valence_electrons"": [3.6975206000000007, 7.184000000000001], ""mag_moment_mean"": [0.5106100664443483, 0.9717050313888889]}"
1,9,robust_mcc,SHAP_top_2,mag_moment_mean;melting_point_mean,2,0.0,100.0,128,31,23,82,15,8,0.6052631578947368,0.7419354838709677,0.845360824742268,0.7936481543066178,0.6666666666666666,0.5506947448904815,0.2421875,2.499151103565365,"{""mag_moment_mean"": [0.4453462461215974, 1.5841829155134], ""melting_point_mean"": [1536.19443048, 1866.894444444445]}"
1,9,legacy_f1,SHAP_top_2,mag_moment_mean;melting_point_mean,2,0.0,100.0,128,31,23,82,15,8,0.6052631578947368,0.7419354838709677,0.845360824742268,0.7936481543066178,0.6666666666666666,0.5506947448904815,0.2421875,2.499151103565365,"{""mag_moment_mean"": [0.4453462461215974, 1.5841829155134], ""melting_point_mean"": [1536.19443048, 1866.894444444445]}"
1,10,robust_mcc,HEA_VEC_sigma,VEC;sigma,2,0.0,100.0,129,32,22,69,28,10,0.44,0.6875,0.711340206185567,0.6994201030927836,0.5365853658536586,0.3535584657066544,0.24806201550387597,1.77375,"{""VEC"": [6.42, 9.0651], ""sigma"": [0.3399483341407857, 18.13641543376212]}"
1,10,legacy_f1,SHAP_top_4,mag_moment_mean;avg_d_valence_electrons;melting_point_mean;electronegativity_range,4,0.0,100.0,129,32,16,87,10,16,0.6153846153846154,0.5,0.8969072164948454,0.6984536082474226,0.5517241379310345,0.4273114845462404,0.24806201550387597,2.480769230769231,"{""avg_d_valence_electrons"": [3.694703000000001, 7.195], ""electronegativity_range"": [0.28, 0.8099999999999998], ""mag_moment_mean"": [0.4453462461215974, 1.5841829155134], ""melting_point_mean"": [1533.84621781, 1866.894444444445]}"
2,1,robust_mcc,SHAP_top_2,mag_moment_mean;melting_point_mean,2,0.0,100.0,122,33,28,74,15,5,0.6511627906976745,0.8484848484848485,0.8314606741573034,0.8399727613210759,0.736842105263158,0.6322346853001258,0.27049180327868855,2.4073291050035235,"{""mag_moment_mean"": [0.4453462461215974, 1.5841829155134], ""melting_point_mean"": [1533.84621781, 1866.894444444445]}"
2,1,legacy_f1,SHAP_top_2,mag_moment_mean;melting_point_mean,2,0.0,100.0,122,33,28,74,15,5,0.6511627906976745,0.8484848484848485,0.8314606741573034,0.8399727613210759,0.736842105263158,0.6322346853001258,0.27049180327868855,2.4073291050035235,"{""mag_moment_mean"": [0.4453462461215974, 1.5841829155134], ""melting_point_mean"": [1533.84621781, 1866.894444444445]}"
2,2,robust_mcc,SHAP_top_2,mag_moment_mean;avg_d_valence_electrons,2,20.0,80.0,124,26,8,93,5,18,0.6153846153846154,0.3076923076923077,0.9489795918367347,0.6283359497645212,0.4102564102564103,0.3410710600121617,0.20967741935483872,2.93491124260355,"{""avg_d_valence_electrons"": [4.892855, 7.1], ""mag_moment_mean"": [0.5168444456226068, 0.8509708653448276]}"
2,2,legacy_f1,SHAP_top_3,mag_moment_mean;avg_d_valence_electrons;melting_point_mean,3,0.0,100.0,124,26,11,85,13,15,0.4583333333333333,0.4230769230769231,0.8673469387755102,0.6452119309262166,0.43999999999999995,0.2992446447382146,0.20967741935483872,2.1858974358974357,"{""avg_d_valence_electrons"": [3.701747, 7.195], ""mag_moment_mean"": [0.4453462461215974, 1.5841829155134], ""melting_point_mean"": [1533.84621781, 1866.894444444445]}"
2,3,robust_mcc,SHAP_top_3,mag_moment_mean;melting_point_mean;electronegativity_range,3,0.0,100.0,128,32,26,83,13,6,0.6666666666666666,0.8125,0.8645833333333334,0.8385416666666667,0.7323943661971831,0.6369794513743426,0.25,2.6666666666666665,"{""electronegativity_range"": [0.28, 0.5400000000000003], ""mag_moment_mean"": [0.4453462461215974, 0.9892078375], ""melting_point_mean"": [1533.84621781, 1866.894444444445]}"
2,3,legacy_f1,SHAP_top_3,mag_moment_mean;melting_point_mean;electronegativity_range,3,0.0,100.0,128,32,26,83,13,6,0.6666666666666666,0.8125,0.8645833333333334,0.8385416666666667,0.7323943661971831,0.6369794513743426,0.25,2.6666666666666665,"{""electronegativity_range"": [0.28, 0.5400000000000003], ""mag_moment_mean"": [0.4453462461215974, 0.9892078375], ""melting_point_mean"": [1533.84621781, 1866.894444444445]}"
2,4,robust_mcc,SHAP_top_2,mag_moment_mean;melting_point_mean,2,0.0,100.0,128,31,26,87,10,5,0.7222222222222222,0.8387096774193549,0.8969072164948454,0.8678084469571001,0.7761194029850746,0.7009277343705599,0.2421875,2.982078853046595,"{""mag_moment_mean"": [0.4453462461215974, 1.5841829155134], ""melting_point_mean"": [1533.84621781, 1744.7971]}"
2,4,legacy_f1,SHAP_top_2,mag_moment_mean;melting_point_mean,2,0.0,100.0,128,31,26,87,10,5,0.7222222222222222,0.8387096774193549,0.8969072164948454,0.8678084469571001,0.7761194029850746,0.7009277343705599,0.2421875,2.982078853046595,"{""mag_moment_mean"": [0.4453462461215974, 1.5841829155134], ""melting_point_mean"": [1533.84621781, 1744.7971]}"
2,5,robust_mcc,SHAP_top_3,avg_d_valence_electrons;mag_moment_mean;melting_point_mean,3,0.0,100.0,126,28,21,88,10,7,0.6774193548387096,0.75,0.8979591836734694,0.8239795918367347,0.7118644067796611,0.6254564183567413,0.2222222222222222,3.0483870967741935,"{""avg_d_valence_electrons"": [3.694703000000001, 7.01], ""mag_moment_mean"": [0.4453462461215974, 1.5841829155134], ""melting_point_mean"": [1533.84621781, 1866.894444444445]}"
2,5,legacy_f1,SHAP_top_3,avg_d_valence_electrons;mag_moment_mean;melting_point_mean,3,0.0,100.0,126,28,21,88,10,7,0.6774193548387096,0.75,0.8979591836734694,0.8239795918367347,0.7118644067796611,0.6254564183567413,0.2222222222222222,3.0483870967741935,"{""avg_d_valence_electrons"": [3.694703000000001, 7.01], ""mag_moment_mean"": [0.4453462461215974, 1.5841829155134], ""melting_point_mean"": [1533.84621781, 1866.894444444445]}"
2,6,robust_mcc,SHAP_top_2,avg_d_valence_electrons;melting_point_mean,2,0.0,100.0,125,29,18,79,17,11,0.5142857142857142,0.6206896551724138,0.8229166666666666,0.7218031609195402,0.5625,0.4170393790059534,0.232,2.216748768472906,"{""avg_d_valence_electrons"": [3.694703000000001, 7.195], ""melting_point_mean"": [1533.84621781, 1866.894444444445]}"
2,6,legacy_f1,SHAP_top_2,avg_d_valence_electrons;melting_point_mean,2,0.0,100.0,125,29,18,79,17,11,0.5142857142857142,0.6206896551724138,0.8229166666666666,0.7218031609195402,0.5625,0.4170393790059534,0.232,2.216748768472906,"{""avg_d_valence_electrons"": [3.694703000000001, 7.195], ""melting_point_mean"": [1533.84621781, 1866.894444444445]}"
2,7,robust_mcc,SHAP_top_2,mag_moment_mean;avg_d_valence_electrons,2,10.0,90.0,129,31,9,94,4,22,0.6923076923076923,0.2903225806451613,0.9591836734693877,0.6247531270572745,0.4090909090909091,0.35413972858176423,0.24031007751937986,2.8808933002481387,"{""avg_d_valence_electrons"": [3.702054702054702, 7.15], ""mag_moment_mean"": [0.4552691231034483, 0.8509739665517242]}"
2,7,legacy_f1,HEA_VEC_sigma,VEC;sigma,2,20.0,80.0,129,31,13,85,13,18,0.5,0.41935483870967744,0.8673469387755102,0.6433508887425938,0.45614035087719296,0.3053648072269547,0.24031007751937986,2.0806451612903225,"{""VEC"": [6.48, 8.916400000000001], ""sigma"": [3.160106011806786, 5.779255888895785]}"
2,8,robust_mcc,HEA_VEC_sigma,VEC;sigma,2,0.0,100.0,129,32,21,67,30,11,0.4117647058823529,0.65625,0.6907216494845361,0.673485824742268,0.5060240963855422,0.3064943391210254,0.24806201550387597,1.6599264705882353,"{""VEC"": [6.42, 9.0651], ""sigma"": [0.3399483341407857, 18.13641543376212]}"
2,8,legacy_f1,SHAP_top_3,mag_moment_mean;avg_d_valence_electrons;melting_point_mean,3,0.0,100.0,129,32,18,84,13,14,0.5806451612903226,0.5625,0.865979381443299,0.7142396907216495,0.5714285714285715,0.4331086922950594,0.24806201550387597,2.340725806451613,"{""avg_d_valence_electrons"": [3.694703000000001, 7.195], ""mag_moment_mean"": [0.4453462461215974, 1.5841829155134], ""melting_point_mean"": [1533.84621781, 1866.894444444445]}"
2,9,robust_mcc,HEA_VEC_sigma,VEC;sigma,2,0.0,100.0,128,32,22,76,20,10,0.5238095238095238,0.6875,0.7916666666666666,0.7395833333333333,0.5945945945945946,0.44189932023991346,0.25,2.0952380952380953,"{""VEC"": [6.42, 9.0651], ""sigma"": [2.023773902893635, 18.13641543376212]}"
2,9,legacy_f1,HEA_VEC_sigma,VEC;sigma,2,0.0,100.0,128,32,22,76,20,10,0.5238095238095238,0.6875,0.7916666666666666,0.7395833333333333,0.5945945945945946,0.44189932023991346,0.25,2.0952380952380953,"{""VEC"": [6.42, 9.0651], ""sigma"": [2.023773902893635, 18.13641543376212]}"
2,10,robust_mcc,SHAP_top_2,mag_moment_mean;avg_d_valence_electrons,2,0.0,100.0,130,32,22,69,29,10,0.43137254901960786,0.6875,0.7040816326530612,0.6957908163265306,0.5301204819277109,0.3454710867124358,0.24615384615384617,1.7524509803921569,"{""avg_d_valence_electrons"": [3.694703000000001, 7.195], ""mag_moment_mean"": [0.4453462461215974, 1.5841829155134]}"
2,10,legacy_f1,SHAP_top_3,mag_moment_mean;avg_d_valence_electrons;melting_point_mean,3,0.0,100.0,130,32,19,83,15,13,0.5588235294117647,0.59375,0.8469387755102041,0.7203443877551021,0.5757575757575757,0.4319614009211405,0.24615384615384617,2.270220588235294,"{""avg_d_valence_electrons"": [3.694703000000001, 7.195], ""mag_moment_mean"": [0.4453462461215974, 1.5841829155134], ""melting_point_mean"": [1536.19443048, 1866.894444444445]}"
3,1,robust_mcc,SHAP_top_2,mag_moment_mean;melting_point_mean,2,0.0,100.0,122,33,27,74,15,6,0.6428571428571429,0.8181818181818182,0.8314606741573034,0.8248212461695608,0.7200000000000001,0.6073747851024826,0.27049180327868855,2.3766233766233764,"{""mag_moment_mean"": [0.4453462461215974, 1.5841829155134], ""melting_point_mean"": [1533.84621781, 1866.894444444445]}"
3,1,legacy_f1,SHAP_top_2,mag_moment_mean;melting_point_mean,2,0.0,100.0,122,33,27,74,15,6,0.6428571428571429,0.8181818181818182,0.8314606741573034,0.8248212461695608,0.7200000000000001,0.6073747851024826,0.27049180327868855,2.3766233766233764,"{""mag_moment_mean"": [0.4453462461215974, 1.5841829155134], ""melting_point_mean"": [1533.84621781, 1866.894444444445]}"
3,2,robust_mcc,SHAP_VEC_anchor_2,VEC;avg_d_valence_electrons,2,0.0,100.0,124,26,16,66,32,10,0.3333333333333333,0.6153846153846154,0.673469387755102,0.6444270015698588,0.43243243243243246,0.24140746060749765,0.20967741935483872,1.5897435897435896,"{""VEC"": [6.435, 9.0651], ""avg_d_valence_electrons"": [3.701747, 7.195]}"
3,2,legacy_f1,HEA_VEC_sigma,VEC;sigma,2,2.5,97.5,124,26,14,82,16,12,0.4666666666666667,0.5384615384615384,0.8367346938775511,0.6875981161695448,0.5,0.35664293590247675,0.20967741935483872,2.2256410256410257,"{""VEC"": [6.453749999999999, 9.061662499999999], ""sigma"": [1.3923393146113163, 10.409571442987144]}"
3,3,robust_mcc,HEA_VEC_sigma,VEC;sigma,2,0.0,100.0,129,32,22,63,34,10,0.39285714285714285,0.6875,0.6494845360824743,0.6684922680412371,0.5,0.293640114452408,0.24806201550387597,1.5837053571428572,"{""VEC"": [6.42, 9.0651], ""sigma"": [0.3399483341407857, 18.13641543376212]}"
3,3,legacy_f1,HEA_VEC_sigma,VEC;sigma,2,0.0,100.0,129,32,22,63,34,10,0.39285714285714285,0.6875,0.6494845360824743,0.6684922680412371,0.5,0.293640114452408,0.24806201550387597,1.5837053571428572,"{""VEC"": [6.42, 9.0651], ""sigma"": [0.3399483341407857, 18.13641543376212]}"
3,4,robust_mcc,SHAP_top_4,mag_moment_mean;avg_d_valence_electrons;melting_point_mean;dHmix,4,0.0,100.0,128,32,20,87,9,12,0.6896551724137931,0.625,0.90625,0.765625,0.6557377049180328,0.5495319562599505,0.25,2.7586206896551726,"{""avg_d_valence_electrons"": [3.694703000000001, 7.195], ""dHmix"": [-28.05587372, 2.06758364], ""mag_moment_mean"": [0.4453462461215974, 0.9892078375], ""melting_point_mean"": [1533.84621781, 1744.7971]}"
3,4,legacy_f1,SHAP_top_4,mag_moment_mean;avg_d_valence_electrons;melting_point_mean;dHmix,4,0.0,100.0,128,32,20,87,9,12,0.6896551724137931,0.625,0.90625,0.765625,0.6557377049180328,0.5495319562599505,0.25,2.7586206896551726,"{""avg_d_valence_electrons"": [3.694703000000001, 7.195], ""dHmix"": [-28.05587372, 2.06758364], ""mag_moment_mean"": [0.4453462461215974, 0.9892078375], ""melting_point_mean"": [1533.84621781, 1744.7971]}"
3,5,robust_mcc,SHAP_top_3,avg_d_valence_electrons;electronegativity_range;melting_point_mean,3,0.0,100.0,129,32,20,85,12,12,0.625,0.625,0.8762886597938144,0.7506443298969072,0.625,0.5012886597938144,0.24806201550387597,2.51953125,"{""avg_d_valence_electrons"": [3.694703000000001, 7.195], ""electronegativity_range"": [0.28, 0.8099999999999998], ""melting_point_mean"": [1536.19443048, 1866.894444444445]}"
3,5,legacy_f1,SHAP_top_3,avg_d_valence_electrons;electronegativity_range;melting_point_mean,3,0.0,100.0,129,32,20,85,12,12,0.625,0.625,0.8762886597938144,0.7506443298969072,0.625,0.5012886597938144,0.24806201550387597,2.51953125,"{""avg_d_valence_electrons"": [3.694703000000001, 7.195], ""electronegativity_range"": [0.28, 0.8099999999999998], ""melting_point_mean"": [1536.19443048, 1866.894444444445]}"
3,6,robust_mcc,SHAP_top_4,mag_moment_mean;avg_d_valence_electrons;melting_point_mean;dHmix,4,0.0,100.0,129,31,12,88,10,19,0.5454545454545454,0.3870967741935484,0.8979591836734694,0.6425279789335089,0.45283018867924524,0.32383275752813234,0.24031007751937986,2.2697947214076244,"{""avg_d_valence_electrons"": [3.694703000000001, 7.195], ""dHmix"": [-28.05587372, 2.06758364], ""mag_moment_mean"": [0.4453462461215974, 1.5841829155134], ""melting_point_mean"": [1533.84621781, 1866.894444444445]}"
3,6,legacy_f1,SHAP_top_4,mag_moment_mean;avg_d_valence_electrons;melting_point_mean;dHmix,4,0.0,100.0,129,31,12,88,10,19,0.5454545454545454,0.3870967741935484,0.8979591836734694,0.6425279789335089,0.45283018867924524,0.32383275752813234,0.24031007751937986,2.2697947214076244,"{""avg_d_valence_electrons"": [3.694703000000001, 7.195], ""dHmix"": [-28.05587372, 2.06758364], ""mag_moment_mean"": [0.4453462461215974, 1.5841829155134], ""melting_point_mean"": [1533.84621781, 1866.894444444445]}"
3,7,robust_mcc,SHAP_top_3,mag_moment_mean;melting_point_mean;electronegativity_range,3,0.0,100.0,126,28,23,84,14,5,0.6216216216216216,0.8214285714285714,0.8571428571428571,0.8392857142857142,0.7076923076923075,0.6194293191684508,0.2222222222222222,2.7972972972972974,"{""electronegativity_range"": [0.28, 0.8099999999999998], ""mag_moment_mean"": [0.4453462461215974, 1.5841829155134], ""melting_point_mean"": [1533.84621781, 1866.894444444445]}"
3,7,legacy_f1,SHAP_top_3,mag_moment_mean;melting_point_mean;electronegativity_range,3,0.0,100.0,126,28,23,84,14,5,0.6216216216216216,0.8214285714285714,0.8571428571428571,0.8392857142857142,0.7076923076923075,0.6194293191684508,0.2222222222222222,2.7972972972972974,"{""electronegativity_range"": [0.28, 0.8099999999999998], ""mag_moment_mean"": [0.4453462461215974, 1.5841829155134], ""melting_point_mean"": [1533.84621781, 1866.894444444445]}"
3,8,robust_mcc,SHAP_top_2,mag_moment_mean;avg_d_valence_electrons,2,0.0,100.0,128,32,21,63,33,11,0.3888888888888889,0.65625,0.65625,0.65625,0.4883720930232558,0.27399831217559545,0.25,1.5555555555555556,"{""avg_d_valence_electrons"": [3.694703000000001, 7.195], ""mag_moment_mean"": [0.4453462461215974, 1.5841829155134]}"
3,8,legacy_f1,SHAP_top_4,mag_moment_mean;avg_d_valence_electrons;melting_point_mean;dHmix,4,0.0,100.0,128,32,18,85,11,14,0.6206896551724138,0.5625,0.8854166666666666,0.7239583333333333,0.5901639344262296,0.46333086508191906,0.25,2.4827586206896552,"{""avg_d_valence_electrons"": [3.694703000000001, 7.195], ""dHmix"": [-28.05587372, 2.06758364], ""mag_moment_mean"": [0.4453462461215974, 1.5841829155134], ""melting_point_mean"": [1533.84621781, 1866.894444444445]}"
3,9,robust_mcc,HEA_VEC_sigma,VEC;sigma,2,0.0,100.0,128,31,21,69,28,10,0.42857142857142855,0.6774193548387096,0.711340206185567,0.6943797805121383,0.525,0.34263854048142994,0.2421875,1.769585253456221,"{""VEC"": [6.42, 9.0651], ""sigma"": [2.023773902893635, 18.13641543376212]}"
3,9,legacy_f1,HEA_VEC_sigma,VEC;sigma,2,0.0,100.0,128,31,21,69,28,10,0.42857142857142855,0.6774193548387096,0.711340206185567,0.6943797805121383,0.525,0.34263854048142994,0.2421875,1.769585253456221,"{""VEC"": [6.42, 9.0651], ""sigma"": [2.023773902893635, 18.13641543376212]}"
3,10,robust_mcc,SHAP_top_2,mag_moment_mean;avg_d_valence_electrons,2,0.0,100.0,126,29,19,76,21,10,0.475,0.6551724137931034,0.7835051546391752,0.7193387842161394,0.5507246376811594,0.39668983528719726,0.23015873015873015,2.0637931034482757,"{""avg_d_valence_electrons"": [3.694703000000001, 7.195], ""mag_moment_mean"": [0.4453462461215974, 1.5841829155134]}"
3,10,legacy_f1,SHAP_top_3,mag_moment_mean;avg_d_valence_electrons;melting_point_mean,3,0.0,100.0,126,29,16,89,8,13,0.6666666666666666,0.5517241379310345,0.9175257731958762,0.7346249555634554,0.6037735849056604,0.5030178057112391,0.23015873015873015,2.896551724137931,"{""avg_d_valence_electrons"": [3.694703000000001, 7.195], ""mag_moment_mean"": [0.4453462461215974, 1.5841829155134], ""melting_point_mean"": [1533.84621781, 1866.894444444445]}"
4,1,robust_mcc,SHAP_top_2,mag_moment_mean;melting_point_mean,2,0.0,100.0,122,33,28,76,13,5,0.6829268292682927,0.8484848484848485,0.8539325842696629,0.8512087163772557,0.7567567567567567,0.6605608294369998,0.27049180327868855,2.524759793052476,"{""mag_moment_mean"": [0.4453462461215974, 1.5841829155134], ""melting_point_mean"": [1533.84621781, 1866.894444444445]}"
4,1,legacy_f1,SHAP_top_2,mag_moment_mean;melting_point_mean,2,0.0,100.0,122,33,28,76,13,5,0.6829268292682927,0.8484848484848485,0.8539325842696629,0.8512087163772557,0.7567567567567567,0.6605608294369998,0.27049180327868855,2.524759793052476,"{""mag_moment_mean"": [0.4453462461215974, 1.5841829155134], ""melting_point_mean"": [1533.84621781, 1866.894444444445]}"
4,2,robust_mcc,SHAP_top_2,mag_moment_mean;avg_d_valence_electrons,2,15.0,85.0,124,26,8,95,3,18,0.7272727272727273,0.3076923076923077,0.9693877551020408,0.6385400313971743,0.43243243243243246,0.396706599101355,0.20967741935483872,3.4685314685314683,"{""avg_d_valence_electrons"": [4.8637327500000005, 7.13125], ""mag_moment_mean"": [0.4552691231034483, 0.850972803599138]}"
4,2,legacy_f1,SHAP_top_2,mag_moment_mean;avg_d_valence_electrons,2,0.0,100.0,124,26,14,79,19,12,0.42424242424242425,0.5384615384615384,0.8061224489795918,0.6722919937205651,0.47457627118644075,0.3174074660300424,0.20967741935483872,2.023310023310023,"{""avg_d_valence_electrons"": [3.701747, 7.195], ""mag_moment_mean"": [0.4453462461215974, 1.5841829155134]}"
4,3,robust_mcc,HEA_VEC_sigma,VEC;sigma,2,0.0,100.0,129,32,22,63,34,10,0.39285714285714285,0.6875,0.6494845360824743,0.6684922680412371,0.5,0.293640114452408,0.24806201550387597,1.5837053571428572,"{""VEC"": [6.42, 9.0651], ""sigma"": [0.3399483341407857, 18.13641543376212]}"
4,3,legacy_f1,HEA_VEC_sigma_dHmix_dSmix,VEC;sigma;dHmix;dSmix,4,0.0,100.0,129,32,17,80,17,15,0.5,0.53125,0.8247422680412371,0.6779961340206185,0.5151515151515151,0.3489796964587241,0.24806201550387597,2.015625,"{""VEC"": [6.42, 9.0651], ""dHmix"": [-28.02061144, 2.06758364], ""dSmix"": [8.176613146402376, 14.6831325836588], ""sigma"": [0.3399483341407857, 18.13641543376212]}"
4,4,robust_mcc,HEA_VEC_sigma,VEC;sigma,2,0.0,100.0,129,32,21,70,27,11,0.4375,0.65625,0.7216494845360825,0.6889497422680413,0.525,0.33765565506798356,0.24806201550387597,1.763671875,"{""VEC"": [6.42, 9.0651], ""sigma"": [0.3399483341407857, 18.13641543376212]}"
4,4,legacy_f1,SHAP_top_3,mag_moment_mean;avg_d_valence_electrons;melting_point_mean,3,0.0,100.0,129,32,16,86,11,16,0.5925925925925926,0.5,0.8865979381443299,0.6932989690721649,0.5423728813559322,0.41042936131487673,0.24806201550387597,2.388888888888889,"{""avg_d_valence_electrons"": [3.694703000000001, 7.195], ""mag_moment_mean"": [0.4453462461215974, 1.5841829155134], ""melting_point_mean"": [1533.84621781, 1744.7971]}"
4,5,robust_mcc,SHAP_top_2,avg_d_valence_electrons;mag_moment_mean,2,0.0,100.0,129,32,22,75,22,10,0.5,0.6875,0.7731958762886598,0.7303479381443299,0.5789473684210527,0.4197003970534702,0.24806201550387597,2.015625,"{""avg_d_valence_electrons"": [3.694703000000001, 7.195], ""mag_moment_mean"": [0.4453462461215974, 1.5841829155134]}"
4,5,legacy_f1,SHAP_top_4,avg_d_valence_electrons;mag_moment_mean;melting_point_mean;dHmix,4,0.0,100.0,129,32,19,84,13,13,0.59375,0.59375,0.865979381443299,0.7298646907216495,0.59375,0.45972938144329895,0.24806201550387597,2.3935546875,"{""avg_d_valence_electrons"": [3.694703000000001, 7.195], ""dHmix"": [-28.05587372, 2.06758364], ""mag_moment_mean"": [0.4453462461215974, 1.5841829155134], ""melting_point_mean"": [1533.84621781, 1866.894444444445]}"
4,6,robust_mcc,SHAP_top_2,mag_moment_mean;avg_d_valence_electrons,2,15.0,85.0,129,31,9,92,6,22,0.6,0.2903225806451613,0.9387755102040817,0.6145490454246215,0.3913043478260869,0.30536362298150976,0.24031007751937986,2.496774193548387,"{""avg_d_valence_electrons"": [3.709418709418709, 7.1125], ""mag_moment_mean"": [0.48293959477389825, 0.8509716406465517]}"
4,6,legacy_f1,SHAP_top_2,mag_moment_mean;avg_d_valence_electrons,2,0.0,100.0,129,31,15,72,26,16,0.36585365853658536,0.4838709677419355,0.7346938775510204,0.6092824226464779,0.4166666666666667,0.20055843412176227,0.24031007751937986,1.5224232887490163,"{""avg_d_valence_electrons"": [3.694703000000001, 7.195], ""mag_moment_mean"": [0.4453462461215974, 1.5841829155134]}"
4,7,robust_mcc,SHAP_top_3,mag_moment_mean;avg_d_valence_electrons;melting_point_mean,3,0.0,100.0,126,28,21,88,10,7,0.6774193548387096,0.75,0.8979591836734694,0.8239795918367347,0.7118644067796611,0.6254564183567413,0.2222222222222222,3.0483870967741935,"{""avg_d_valence_electrons"": [3.694703000000001, 7.01], ""mag_moment_mean"": [0.4453462461215974, 1.5841829155134], ""melting_point_mean"": [1533.84621781, 1866.894444444445]}"
4,7,legacy_f1,SHAP_top_3,mag_moment_mean;avg_d_valence_electrons;melting_point_mean,3,0.0,100.0,126,28,21,88,10,7,0.6774193548387096,0.75,0.8979591836734694,0.8239795918367347,0.7118644067796611,0.6254564183567413,0.2222222222222222,3.0483870967741935,"{""avg_d_valence_electrons"": [3.694703000000001, 7.01], ""mag_moment_mean"": [0.4453462461215974, 1.5841829155134], ""melting_point_mean"": [1533.84621781, 1866.894444444445]}"
4,8,robust_mcc,original_electronic_3,VEC;avg_d_valence_electrons;mag_moment_mean,3,0.0,100.0,127,32,21,81,14,11,0.6,0.65625,0.8526315789473684,0.7544407894736842,0.626865671641791,0.49445364874288145,0.25196850393700787,2.38125,"{""VEC"": [6.42, 9.0651], ""avg_d_valence_electrons"": [3.694703000000001, 7.195], ""mag_moment_mean"": [0.4453462461215974, 0.9454508222222224]}"
4,8,legacy_f1,original_electronic_3,VEC;avg_d_valence_electrons;mag_moment_mean,3,0.0,100.0,127,32,21,81,14,11,0.6,0.65625,0.8526315789473684,0.7544407894736842,0.626865671641791,0.49445364874288145,0.25196850393700787,2.38125,"{""VEC"": [6.42, 9.0651], ""avg_d_valence_electrons"": [3.694703000000001, 7.195], ""mag_moment_mean"": [0.4453462461215974, 0.9454508222222224]}"
4,9,robust_mcc,HEA_VEC_sigma,VEC;sigma,2,0.0,100.0,128,31,21,70,27,10,0.4375,0.6774193548387096,0.7216494845360825,0.699534419687396,0.5316455696202531,0.35314163207503946,0.2421875,1.8064516129032258,"{""VEC"": [6.42, 9.0651], ""sigma"": [0.3399483341407857, 18.13641543376212]}"
4,9,legacy_f1,SHAP_top_4,avg_d_valence_electrons;mag_moment_mean;melting_point_mean;electronegativity_range,4,0.0,100.0,128,31,17,88,9,14,0.6538461538461539,0.5483870967741935,0.9072164948453608,0.7278017958097771,0.5964912280701755,0.48514001046936567,0.2421875,2.699751861042184,"{""avg_d_valence_electrons"": [3.694703000000001, 7.195], ""electronegativity_range"": [0.28, 0.8099999999999998], ""mag_moment_mean"": [0.4453462461215974, 1.5841829155134], ""melting_point_mean"": [1536.19443048, 1866.894444444445]}"
4,10,robust_mcc,HEA_VEC_sigma,VEC;sigma,2,0.0,100.0,126,29,18,68,29,11,0.3829787234042553,0.6206896551724138,0.7010309278350515,0.6608602915037327,0.47368421052631576,0.2800278580759683,0.23015873015873015,1.6639765223771095,"{""VEC"": [6.42, 9.0651], ""sigma"": [0.3399483341407857, 18.13641543376212]}"
4,10,legacy_f1,SHAP_top_3,mag_moment_mean;avg_d_valence_electrons;melting_point_mean,3,0.0,100.0,126,29,15,89,8,14,0.6521739130434783,0.5172413793103449,0.9175257731958762,0.7173835762531106,0.576923076923077,0.4737607314820758,0.23015873015873015,2.8335832083958024,"{""avg_d_valence_electrons"": [3.694703000000001, 7.195], ""mag_moment_mean"": [0.4453462461215974, 1.5841829155134], ""melting_point_mean"": [1533.84621781, 1866.894444444445]}"
5,1,robust_mcc,SHAP_top_2,mag_moment_mean;melting_point_mean,2,0.0,100.0,122,33,28,73,16,5,0.6363636363636364,0.8484848484848485,0.8202247191011236,0.8343547837929861,0.7272727272727273,0.6186084821419655,0.27049180327868855,2.3526170798898067,"{""mag_moment_mean"": [0.4453462461215974, 1.5841829155134], ""melting_point_mean"": [1533.84621781, 1866.894444444445]}"
5,1,legacy_f1,SHAP_top_2,mag_moment_mean;melting_point_mean,2,0.0,100.0,122,33,28,73,16,5,0.6363636363636364,0.8484848484848485,0.8202247191011236,0.8343547837929861,0.7272727272727273,0.6186084821419655,0.27049180327868855,2.3526170798898067,"{""mag_moment_mean"": [0.4453462461215974, 1.5841829155134], ""melting_point_mean"": [1533.84621781, 1866.894444444445]}"
5,2,robust_mcc,SHAP_VEC_anchor_2,VEC;avg_d_valence_electrons,2,10.0,90.0,124,26,17,60,38,9,0.3090909090909091,0.6538461538461539,0.6122448979591837,0.6330455259026688,0.41975308641975306,0.2180339345311174,0.20967741935483872,1.474125874125874,"{""VEC"": [6.6416, 9.0388], ""avg_d_valence_electrons"": [4.2799585, 7.1625000000000005]}"
5,2,legacy_f1,SHAP_top_4,avg_d_valence_electrons;mag_moment_mean;melting_point_mean;electronegativity_range,4,0.0,100.0,124,26,11,86,12,15,0.4782608695652174,0.4230769230769231,0.8775510204081632,0.6503139717425431,0.44897959183673475,0.3148505475424923,0.20967741935483872,2.280936454849498,"{""avg_d_valence_electrons"": [3.701747, 7.195], ""electronegativity_range"": [0.28, 0.8099999999999998], ""mag_moment_mean"": [0.4453462461215974, 1.5841829155134], ""melting_point_mean"": [1533.84621781, 1866.894444444445]}"
5,3,robust_mcc,SHAP_top_2,avg_d_valence_electrons;melting_point_mean,2,0.0,100.0,129,32,21,75,22,11,0.4883720930232558,0.65625,0.7731958762886598,0.7147229381443299,0.5599999999999999,0.3934466389892774,0.24806201550387597,1.96875,"{""avg_d_valence_electrons"": [3.694703000000001, 7.195], ""melting_point_mean"": [1533.84621781, 1866.894444444445]}"
5,3,legacy_f1,SHAP_top_3,avg_d_valence_electrons;melting_point_mean;mag_moment_mean,3,0.0,100.0,129,32,19,82,15,13,0.5588235294117647,0.59375,0.845360824742268,0.7195554123711341,0.5757575757575757,0.4304609287540642,0.24806201550387597,2.2527573529411766,"{""avg_d_valence_electrons"": [3.694703000000001, 7.195], ""mag_moment_mean"": [0.4453462461215974, 1.5841829155134], ""melting_point_mean"": [1533.84621781, 1866.894444444445]}"
5,4,robust_mcc,SHAP_top_4,mag_moment_mean;avg_d_valence_electrons;melting_point_mean;dHmix,4,0.0,100.0,129,32,20,87,10,12,0.6666666666666666,0.625,0.8969072164948454,0.7609536082474226,0.6451612903225806,0.5335509943226072,0.24806201550387597,2.6875,"{""avg_d_valence_electrons"": [3.694703000000001, 7.195], ""dHmix"": [-28.05587372, 2.06758364], ""mag_moment_mean"": [0.4453462461215974, 1.5841829155134], ""melting_point_mean"": [1533.84621781, 1744.7971]}"
5,4,legacy_f1,SHAP_top_4,mag_moment_mean;avg_d_valence_electrons;melting_point_mean;dHmix,4,0.0,100.0,129,32,20,87,10,12,0.6666666666666666,0.625,0.8969072164948454,0.7609536082474226,0.6451612903225806,0.5335509943226072,0.24806201550387597,2.6875,"{""avg_d_valence_electrons"": [3.694703000000001, 7.195], ""dHmix"": [-28.05587372, 2.06758364], ""mag_moment_mean"": [0.4453462461215974, 1.5841829155134], ""melting_point_mean"": [1533.84621781, 1744.7971]}"
5,5,robust_mcc,HEA_VEC_sigma,VEC;sigma,2,0.0,100.0,129,32,22,69,28,10,0.44,0.6875,0.711340206185567,0.6994201030927836,0.5365853658536586,0.3535584657066544,0.24806201550387597,1.77375,"{""VEC"": [6.42, 9.0651], ""sigma"": [0.3399483341407857, 18.13641543376212]}"
5,5,legacy_f1,SHAP_top_3,mag_moment_mean;avg_d_valence_electrons;melting_point_mean,3,0.0,100.0,129,32,18,84,13,14,0.5806451612903226,0.5625,0.865979381443299,0.7142396907216495,0.5714285714285715,0.4331086922950594,0.24806201550387597,2.340725806451613,"{""avg_d_valence_electrons"": [3.694703000000001, 7.195], ""mag_moment_mean"": [0.4453462461215974, 1.5841829155134], ""melting_point_mean"": [1536.19443048, 1866.894444444445]}"
5,6,robust_mcc,SHAP_top_2,mag_moment_mean;avg_d_valence_electrons,2,0.0,100.0,126,29,19,74,23,10,0.4523809523809524,0.6551724137931034,0.7628865979381443,0.7090295058656239,0.5352112676056338,0.3733001525721841,0.23015873015873015,1.9655172413793105,"{""avg_d_valence_electrons"": [3.694703000000001, 7.195], ""mag_moment_mean"": [0.4453462461215974, 1.5841829155134]}"
5,6,legacy_f1,SHAP_top_3,mag_moment_mean;avg_d_valence_electrons;melting_point_mean,3,0.0,100.0,126,29,16,85,12,13,0.5714285714285714,0.5517241379310345,0.8762886597938144,0.7140063988624245,0.5614035087719299,0.4333607431408583,0.23015873015873015,2.4827586206896552,"{""avg_d_valence_electrons"": [3.694703000000001, 7.195], ""mag_moment_mean"": [0.4453462461215974, 1.5841829155134], ""melting_point_mean"": [1533.84621781, 1866.894444444445]}"
5,7,robust_mcc,SHAP_top_4,mag_moment_mean;avg_d_valence_electrons;melting_point_mean;electronegativity_range,4,0.0,100.0,126,28,19,86,12,9,0.6129032258064516,0.6785714285714286,0.8775510204081632,0.778061224489796,0.6440677966101694,0.5368090519754709,0.2222222222222222,2.7580645161290325,"{""avg_d_valence_electrons"": [3.694703000000001, 7.01], ""electronegativity_range"": [0.28, 0.8099999999999998], ""mag_moment_mean"": [0.4453462461215974, 1.5841829155134], ""melting_point_mean"": [1533.84621781, 1866.894444444445]}"
5,7,legacy_f1,SHAP_top_4,mag_moment_mean;avg_d_valence_electrons;melting_point_mean;electronegativity_range,4,0.0,100.0,126,28,19,86,12,9,0.6129032258064516,0.6785714285714286,0.8775510204081632,0.778061224489796,0.6440677966101694,0.5368090519754709,0.2222222222222222,2.7580645161290325,"{""avg_d_valence_electrons"": [3.694703000000001, 7.01], ""electronegativity_range"": [0.28, 0.8099999999999998], ""mag_moment_mean"": [0.4453462461215974, 1.5841829155134], ""melting_point_mean"": [1533.84621781, 1866.894444444445]}"
5,8,robust_mcc,SHAP_top_2,mag_moment_mean;melting_point_mean,2,5.0,95.0,128,31,21,90,7,10,0.75,0.6774193548387096,0.9278350515463918,0.8026272031925508,0.7118644067796611,0.627228318995815,0.2421875,3.096774193548387,"{""mag_moment_mean"": [0.4552691231034483, 0.9673293298611112], ""melting_point_mean"": [1535.020324145, 1744.719873]}"
5,8,legacy_f1,SHAP_top_2,mag_moment_mean;melting_point_mean,2,5.0,95.0,128,31,21,90,7,10,0.75,0.6774193548387096,0.9278350515463918,0.8026272031925508,0.7118644067796611,0.627228318995815,0.2421875,3.096774193548387,"{""mag_moment_mean"": [0.4552691231034483, 0.9673293298611112], ""melting_point_mean"": [1535.020324145, 1744.719873]}"
5,9,robust_mcc,SHAP_top_4,mag_moment_mean;avg_d_valence_electrons;electronegativity_range;dHmix,4,0.0,100.0,127,32,22,83,12,10,0.6470588235294118,0.6875,0.8736842105263158,0.7805921052631579,0.6666666666666667,0.5502515850207099,0.25196850393700787,2.5680147058823533,"{""avg_d_valence_electrons"": [3.694703000000001, 7.195], ""dHmix"": [-28.05587372, 2.06758364], ""electronegativity_range"": [0.28, 0.5400000000000003], ""mag_moment_mean"": [0.4453462461215974, 0.9454508222222224]}"
5,9,legacy_f1,SHAP_top_4,mag_moment_mean;avg_d_valence_electrons;electronegativity_range;dHmix,4,0.0,100.0,127,32,22,83,12,10,0.6470588235294118,0.6875,0.8736842105263158,0.7805921052631579,0.6666666666666667,0.5502515850207099,0.25196850393700787,2.5680147058823533,"{""avg_d_valence_electrons"": [3.694703000000001, 7.195], ""dHmix"": [-28.05587372, 2.06758364], ""electronegativity_range"": [0.28, 0.5400000000000003], ""mag_moment_mean"": [0.4453462461215974, 0.9454508222222224]}"
5,10,robust_mcc,SHAP_top_4,mag_moment_mean;avg_d_valence_electrons;melting_point_mean;electronegativity_range,4,0.0,100.0,129,31,12,86,12,19,0.5,0.3870967741935484,0.8775510204081632,0.6323238973008558,0.43636363636363634,0.29057744020119564,0.24031007751937986,2.0806451612903225,"{""avg_d_valence_electrons"": [3.694703000000001, 7.195], ""electronegativity_range"": [0.28, 0.8099999999999998], ""mag_moment_mean"": [0.4453462461215974, 1.5841829155134], ""melting_point_mean"": [1533.84621781, 1866.894444444445]}"
5,10,legacy_f1,SHAP_top_4,mag_moment_mean;avg_d_valence_electrons;melting_point_mean;electronegativity_range,4,0.0,100.0,129,31,12,86,12,19,0.5,0.3870967741935484,0.8775510204081632,0.6323238973008558,0.43636363636363634,0.29057744020119564,0.24031007751937986,2.0806451612903225,"{""avg_d_valence_electrons"": [3.694703000000001, 7.195], ""electronegativity_range"": [0.28, 0.8099999999999998], ""mag_moment_mean"": [0.4453462461215974, 1.5841829155134], ""melting_point_mean"": [1533.84621781, 1866.894444444445]}"
6,1,robust_mcc,SHAP_top_2,mag_moment_mean;melting_point_mean,2,2.5,97.5,122,33,25,78,11,8,0.6944444444444444,0.7575757575757576,0.8764044943820225,0.8169901259788901,0.7246376811594203,0.6174861591167095,0.27049180327868855,2.567340067340067,"{""mag_moment_mean"": [0.4552691231034483, 1.1082028531026795], ""melting_point_mean"": [1533.84621781, 1769.216568888889]}"
6,1,legacy_f1,SHAP_top_2,mag_moment_mean;melting_point_mean,2,2.5,97.5,122,33,25,78,11,8,0.6944444444444444,0.7575757575757576,0.8764044943820225,0.8169901259788901,0.7246376811594203,0.6174861591167095,0.27049180327868855,2.567340067340067,"{""mag_moment_mean"": [0.4552691231034483, 1.1082028531026795], ""melting_point_mean"": [1533.84621781, 1769.216568888889]}"
6,2,robust_mcc,SHAP_VEC_anchor_2,VEC;avg_d_valence_electrons,2,0.0,100.0,124,26,16,55,43,10,0.2711864406779661,0.6153846153846154,0.5612244897959183,0.5883045525902668,0.3764705882352941,0.14395611504550104,0.20967741935483872,1.2933507170795306,"{""VEC"": [6.435, 9.0651], ""avg_d_valence_electrons"": [3.701747, 7.195]}"
6,2,legacy_f1,SHAP_VEC_anchor_4,VEC;avg_d_valence_electrons;mag_moment_mean;melting_point_mean,4,0.0,100.0,124,26,12,85,13,14,0.48,0.46153846153846156,0.8673469387755102,0.6644427001569859,0.47058823529411764,0.3337003830409248,0.20967741935483872,2.289230769230769,"{""VEC"": [6.435, 9.0651], ""avg_d_valence_electrons"": [3.701747, 7.195], ""mag_moment_mean"": [0.4453462461215974, 1.5841829155134], ""melting_point_mean"": [1533.84621781, 1866.894444444445]}"
6,3,robust_mcc,HEA_VEC_sigma,VEC;sigma,2,0.0,100.0,129,32,22,64,33,10,0.4,0.6875,0.6597938144329897,0.6736469072164948,0.5057471264367817,0.3032918218946849,0.24806201550387597,1.6125,"{""VEC"": [6.42, 9.0651], ""sigma"": [0.3399483341407857, 18.13641543376212]}"
6,3,legacy_f1,SHAP_top_3,avg_d_valence_electrons;mag_moment_mean;melting_point_mean,3,0.0,100.0,129,32,18,83,14,14,0.5625,0.5625,0.8556701030927835,0.7090850515463918,0.5625,0.4181701030927835,0.24806201550387597,2.267578125,"{""avg_d_valence_electrons"": [3.694703000000001, 7.195], ""mag_moment_mean"": [0.4453462461215974, 1.5841829155134], ""melting_point_mean"": [1533.84621781, 1866.894444444445]}"
6,4,robust_mcc,SHAP_top_2,mag_moment_mean;melting_point_mean,2,0.0,100.0,129,32,27,84,13,5,0.675,0.84375,0.865979381443299,0.8548646907216495,0.75,0.6627178097157876,0.24806201550387597,2.72109375,"{""mag_moment_mean"": [0.4453462461215974, 1.5841829155134], ""melting_point_mean"": [1533.84621781, 1744.7971]}"
6,4,legacy_f1,SHAP_top_2,mag_moment_mean;melting_point_mean,2,0.0,100.0,129,32,27,84,13,5,0.675,0.84375,0.865979381443299,0.8548646907216495,0.75,0.6627178097157876,0.24806201550387597,2.72109375,"{""mag_moment_mean"": [0.4453462461215974, 1.5841829155134], ""melting_point_mean"": [1533.84621781, 1744.7971]}"
6,5,robust_mcc,SHAP_top_4,avg_d_valence_electrons;mag_moment_mean;dHmix;melting_point_mean,4,0.0,100.0,126,28,20,88,10,8,0.6666666666666666,0.7142857142857143,0.8979591836734694,0.8061224489795918,0.689655172413793,0.5976143046671969,0.2222222222222222,3.0,"{""avg_d_valence_electrons"": [3.694703000000001, 7.01], ""dHmix"": [-28.05587372, 0.1721465599999995], ""mag_moment_mean"": [0.4453462461215974, 1.5841829155134], ""melting_point_mean"": [1533.84621781, 1866.894444444445]}"
6,5,legacy_f1,SHAP_top_4,avg_d_valence_electrons;mag_moment_mean;dHmix;melting_point_mean,4,0.0,100.0,126,28,20,88,10,8,0.6666666666666666,0.7142857142857143,0.8979591836734694,0.8061224489795918,0.689655172413793,0.5976143046671969,0.2222222222222222,3.0,"{""avg_d_valence_electrons"": [3.694703000000001, 7.01], ""dHmix"": [-28.05587372, 0.1721465599999995], ""mag_moment_mean"": [0.4453462461215974, 1.5841829155134], ""melting_point_mean"": [1533.84621781, 1866.894444444445]}"
6,6,robust_mcc,HEA_VEC_sigma,VEC;sigma,2,0.0,100.0,129,32,22,65,32,10,0.4074074074074074,0.6875,0.6701030927835051,0.6788015463917525,0.5116279069767441,0.3130650675828659,0.24806201550387597,1.642361111111111,"{""VEC"": [6.42, 9.0651], ""sigma"": [0.3399483341407857, 18.13641543376212]}"
6,6,legacy_f1,SHAP_top_4,mag_moment_mean;avg_d_valence_electrons;melting_point_mean;electronegativity_range,4,0.0,100.0,129,32,17,86,11,15,0.6071428571428571,0.53125,0.8865979381443299,0.7089239690721649,0.5666666666666667,0.4377633682017256,0.24806201550387597,2.447544642857143,"{""avg_d_valence_electrons"": [3.694703000000001, 7.195], ""electronegativity_range"": [0.28, 0.8099999999999998], ""mag_moment_mean"": [0.4453462461215974, 1.5841829155134], ""melting_point_mean"": [1533.84621781, 1866.894444444445]}"
6,7,robust_mcc,HEA_VEC_sigma,VEC;sigma,2,0.0,100.0,128,31,20,70,27,11,0.425531914893617,0.6451612903225806,0.7216494845360825,0.6834053874293315,0.5128205128205128,0.3259998197818443,0.2421875,1.757035003431709,"{""VEC"": [6.42, 9.0651], ""sigma"": [2.023773902893635, 18.13641543376212]}"
6,7,legacy_f1,SHAP_top_4,avg_d_valence_electrons;mag_moment_mean;melting_point_mean;dHmix,4,0.0,100.0,128,31,16,84,13,15,0.5517241379310345,0.5161290322580645,0.865979381443299,0.6910542068506818,0.5333333333333333,0.3910539872554729,0.2421875,2.278086763070078,"{""avg_d_valence_electrons"": [3.694703000000001, 7.195], ""dHmix"": [-28.05587372, 2.06758364], ""mag_moment_mean"": [0.4453462461215974, 1.5841829155134], ""melting_point_mean"": [1536.19443048, 1866.894444444445]}"
6,8,robust_mcc,SHAP_top_4,mag_moment_mean;avg_d_valence_electrons;melting_point_mean;dHmix,4,0.0,100.0,129,31,10,90,8,21,0.5555555555555556,0.3225806451612903,0.9183673469387755,0.620473996050033,0.40816326530612246,0.297111494811246,0.24031007751937986,2.3118279569892475,"{""avg_d_valence_electrons"": [3.694703000000001, 7.195], ""dHmix"": [-28.05587372, 2.06758364], ""mag_moment_mean"": [0.4453462461215974, 1.5841829155134], ""melting_point_mean"": [1533.84621781, 1866.894444444445]}"
6,8,legacy_f1,HEA_VEC_sigma,VEC;sigma,2,20.0,80.0,129,31,13,79,19,18,0.40625,0.41935483870967744,0.8061224489795918,0.6127386438446346,0.4126984126984127,0.22306725881362083,0.24031007751937986,1.690524193548387,"{""VEC"": [6.48, 8.916400000000001], ""sigma"": [3.160106011806786, 5.779255888895785]}"
6,9,robust_mcc,SHAP_top_2,mag_moment_mean;avg_d_valence_electrons,2,0.0,100.0,127,32,22,83,12,10,0.6470588235294118,0.6875,0.8736842105263158,0.7805921052631579,0.6666666666666667,0.5502515850207099,0.25196850393700787,2.5680147058823533,"{""avg_d_valence_electrons"": [3.694703000000001, 7.195], ""mag_moment_mean"": [0.4453462461215974, 0.9892078375]}"
6,9,legacy_f1,SHAP_top_2,mag_moment_mean;avg_d_valence_electrons,2,0.0,100.0,127,32,22,83,12,10,0.6470588235294118,0.6875,0.8736842105263158,0.7805921052631579,0.6666666666666667,0.5502515850207099,0.25196850393700787,2.5680147058823533,"{""avg_d_valence_electrons"": [3.694703000000001, 7.195], ""mag_moment_mean"": [0.4453462461215974, 0.9892078375]}"
6,10,robust_mcc,SHAP_top_2,avg_d_valence_electrons;melting_point_mean,2,0.0,100.0,126,29,18,84,13,11,0.5806451612903226,0.6206896551724138,0.865979381443299,0.7433345183078564,0.6000000000000001,0.4756373299611809,0.23015873015873015,2.522803114571747,"{""avg_d_valence_electrons"": [3.694703000000001, 7.195], ""melting_point_mean"": [1533.84621781, 1866.894444444445]}"
6,10,legacy_f1,SHAP_top_2,avg_d_valence_electrons;melting_point_mean,2,0.0,100.0,126,29,18,84,13,11,0.5806451612903226,0.6206896551724138,0.865979381443299,0.7433345183078564,0.6000000000000001,0.4756373299611809,0.23015873015873015,2.522803114571747,"{""avg_d_valence_electrons"": [3.694703000000001, 7.195], ""melting_point_mean"": [1533.84621781, 1866.894444444445]}"
7,1,robust_mcc,SHAP_top_2,mag_moment_mean;melting_point_mean,2,0.0,100.0,122,33,28,73,16,5,0.6363636363636364,0.8484848484848485,0.8202247191011236,0.8343547837929861,0.7272727272727273,0.6186084821419655,0.27049180327868855,2.3526170798898067,"{""mag_moment_mean"": [0.4453462461215974, 1.5841829155134], ""melting_point_mean"": [1533.84621781, 1866.894444444445]}"
7,1,legacy_f1,SHAP_top_2,mag_moment_mean;melting_point_mean,2,0.0,100.0,122,33,28,73,16,5,0.6363636363636364,0.8484848484848485,0.8202247191011236,0.8343547837929861,0.7272727272727273,0.6186084821419655,0.27049180327868855,2.3526170798898067,"{""mag_moment_mean"": [0.4453462461215974, 1.5841829155134], ""melting_point_mean"": [1533.84621781, 1866.894444444445]}"
7,2,robust_mcc,SHAP_VEC_anchor_2,VEC;avg_d_valence_electrons,2,0.0,100.0,124,26,17,56,42,9,0.288135593220339,0.6538461538461539,0.5714285714285714,0.6126373626373627,0.4,0.18362402230248354,0.20967741935483872,1.3741851368970013,"{""VEC"": [6.435, 9.0651], ""avg_d_valence_electrons"": [3.701747, 7.195]}"
7,2,legacy_f1,SHAP_top_3,avg_d_valence_electrons;mag_moment_mean;electronegativity_range,3,0.0,100.0,124,26,15,78,20,11,0.42857142857142855,0.5769230769230769,0.7959183673469388,0.6864207221350078,0.4918032786885245,0.3372056695572388,0.20967741935483872,2.043956043956044,"{""avg_d_valence_electrons"": [3.701747, 7.195], ""electronegativity_range"": [0.28, 0.8099999999999998], ""mag_moment_mean"": [0.4453462461215974, 1.5841829155134]}"
7,3,robust_mcc,SHAP_top_2,mag_moment_mean;avg_d_valence_electrons,2,0.0,100.0,127,32,22,81,14,10,0.6111111111111112,0.6875,0.8526315789473684,0.7700657894736842,0.6470588235294118,0.520312685594999,0.25196850393700787,2.4253472222222223,"{""avg_d_valence_electrons"": [3.694703000000001, 7.195], ""mag_moment_mean"": [0.4453462461215974, 0.9454508222222224]}"
7,3,legacy_f1,SHAP_top_2,mag_moment_mean;avg_d_valence_electrons,2,0.0,100.0,127,32,22,81,14,10,0.6111111111111112,0.6875,0.8526315789473684,0.7700657894736842,0.6470588235294118,0.520312685594999,0.25196850393700787,2.4253472222222223,"{""avg_d_valence_electrons"": [3.694703000000001, 7.195], ""mag_moment_mean"": [0.4453462461215974, 0.9454508222222224]}"
7,4,robust_mcc,SHAP_top_4,mag_moment_mean;avg_d_valence_electrons;melting_point_mean;dHmix,4,0.0,100.0,129,32,20,86,11,12,0.6451612903225806,0.625,0.8865979381443299,0.7557989690721649,0.634920634920635,0.5171252656876348,0.24806201550387597,2.600806451612903,"{""avg_d_valence_electrons"": [3.694703000000001, 7.195], ""dHmix"": [-28.05587372, 2.06758364], ""mag_moment_mean"": [0.4453462461215974, 1.5841829155134], ""melting_point_mean"": [1533.84621781, 1744.7971]}"
7,4,legacy_f1,SHAP_top_4,mag_moment_mean;avg_d_valence_electrons;melting_point_mean;dHmix,4,0.0,100.0,129,32,20,86,11,12,0.6451612903225806,0.625,0.8865979381443299,0.7557989690721649,0.634920634920635,0.5171252656876348,0.24806201550387597,2.600806451612903,"{""avg_d_valence_electrons"": [3.694703000000001, 7.195], ""dHmix"": [-28.05587372, 2.06758364], ""mag_moment_mean"": [0.4453462461215974, 1.5841829155134], ""melting_point_mean"": [1533.84621781, 1744.7971]}"
7,5,robust_mcc,SHAP_top_3,mag_moment_mean;avg_d_valence_electrons;melting_point_mean,3,0.0,100.0,126,28,21,88,10,7,0.6774193548387096,0.75,0.8979591836734694,0.8239795918367347,0.7118644067796611,0.6254564183567413,0.2222222222222222,3.0483870967741935,"{""avg_d_valence_electrons"": [3.694703000000001, 7.01], ""mag_moment_mean"": [0.4453462461215974, 1.5841829155134], ""melting_point_mean"": [1533.84621781, 1866.894444444445]}"
7,5,legacy_f1,SHAP_top_3,mag_moment_mean;avg_d_valence_electrons;melting_point_mean,3,0.0,100.0,126,28,21,88,10,7,0.6774193548387096,0.75,0.8979591836734694,0.8239795918367347,0.7118644067796611,0.6254564183567413,0.2222222222222222,3.0483870967741935,"{""avg_d_valence_electrons"": [3.694703000000001, 7.01], ""mag_moment_mean"": [0.4453462461215974, 1.5841829155134], ""melting_point_mean"": [1533.84621781, 1866.894444444445]}"
7,6,robust_mcc,HEA_VEC_sigma,VEC;sigma,2,0.0,100.0,125,29,19,70,26,10,0.4222222222222222,0.6551724137931034,0.7291666666666666,0.6921695402298851,0.5135135135135135,0.3379853777622611,0.232,1.8199233716475094,"{""VEC"": [6.42, 9.0651], ""sigma"": [0.3399483341407857, 18.13641543376212]}"
7,6,legacy_f1,SHAP_top_4,avg_d_valence_electrons;mag_moment_mean;melting_point_mean;electronegativity_range,4,0.0,100.0,125,29,15,88,8,14,0.6521739130434783,0.5172413793103449,0.9166666666666666,0.7169540229885057,0.576923076923077,0.472681184240823,0.232,2.811094452773613,"{""avg_d_valence_electrons"": [3.694703000000001, 7.195], ""electronegativity_range"": [0.28, 0.8099999999999998], ""mag_moment_mean"": [0.4453462461215974, 1.5841829155134], ""melting_point_mean"": [1533.84621781, 1866.894444444445]}"
7,7,robust_mcc,SHAP_top_2,mag_moment_mean;VEC,2,0.0,100.0,129,32,21,72,25,11,0.45652173913043476,0.65625,0.7422680412371134,0.6992590206185567,0.5384615384615383,0.3593278520252011,0.24806201550387597,1.8403532608695652,"{""VEC"": [6.42, 9.0651], ""mag_moment_mean"": [0.4453462461215974, 1.5841829155134]}"
7,7,legacy_f1,SHAP_top_4,mag_moment_mean;VEC;melting_point_mean;sigma,4,0.0,100.0,129,32,18,86,11,14,0.6206896551724138,0.5625,0.8865979381443299,0.7245489690721649,0.5901639344262296,0.46462536846930774,0.24806201550387597,2.502155172413793,"{""VEC"": [6.42, 9.0651], ""mag_moment_mean"": [0.4453462461215974, 1.5841829155134], ""melting_point_mean"": [1533.84621781, 1866.894444444445], ""sigma"": [0.3399483341407857, 18.13641543376212]}"
7,8,robust_mcc,SHAP_top_2,mag_moment_mean;electronegativity_range,2,5.0,95.0,128,31,21,91,6,10,0.7777777777777778,0.6774193548387096,0.9381443298969072,0.8077818423678085,0.7241379310344828,0.6463937308758453,0.2421875,3.2114695340501793,"{""electronegativity_range"": [0.2899999999999999, 0.5], ""mag_moment_mean"": [0.4552691231034483, 0.9673293298611112]}"
7,8,legacy_f1,SHAP_top_2,mag_moment_mean;electronegativity_range,2,5.0,95.0,128,31,21,91,6,10,0.7777777777777778,0.6774193548387096,0.9381443298969072,0.8077818423678085,0.7241379310344828,0.6463937308758453,0.2421875,3.2114695340501793,"{""electronegativity_range"": [0.2899999999999999, 0.5], ""mag_moment_mean"": [0.4552691231034483, 0.9673293298611112]}"
7,9,robust_mcc,SHAP_top_2,mag_moment_mean;avg_d_valence_electrons,2,0.0,100.0,130,32,22,66,32,10,0.4074074074074074,0.6875,0.673469387755102,0.6804846938775511,0.5116279069767441,0.3155402198543088,0.24615384615384617,1.6550925925925923,"{""avg_d_valence_electrons"": [3.694703000000001, 7.195], ""mag_moment_mean"": [0.4453462461215974, 1.5841829155134]}"
7,9,legacy_f1,SHAP_top_3,mag_moment_mean;avg_d_valence_electrons;melting_point_mean,3,0.0,100.0,130,32,19,87,11,13,0.6333333333333333,0.59375,0.8877551020408163,0.7407525510204082,0.6129032258064516,0.4922982510909529,0.24615384615384617,2.5729166666666665,"{""avg_d_valence_electrons"": [3.694703000000001, 7.195], ""mag_moment_mean"": [0.4453462461215974, 1.5841829155134], ""melting_point_mean"": [1536.19443048, 1866.894444444445]}"
7,10,robust_mcc,SHAP_top_2,mag_moment_mean;avg_d_valence_electrons,2,15.0,85.0,129,31,9,92,6,22,0.6,0.2903225806451613,0.9387755102040817,0.6145490454246215,0.3913043478260869,0.30536362298150976,0.24031007751937986,2.496774193548387,"{""avg_d_valence_electrons"": [3.709418709418709, 7.1125], ""mag_moment_mean"": [0.48293959477389825, 0.8509716406465517]}"
7,10,legacy_f1,HEA_VEC_sigma,VEC;sigma,2,20.0,80.0,129,31,13,80,18,18,0.41935483870967744,0.41935483870967744,0.8163265306122449,0.6178406846609612,0.41935483870967744,0.23568136932192232,0.24031007751937986,1.745057232049948,"{""VEC"": [6.48, 8.916400000000001], ""sigma"": [3.160106011806786, 5.779255888895785]}"
8,1,robust_mcc,SHAP_top_2,mag_moment_mean;melting_point_mean,2,0.0,100.0,122,33,28,76,13,5,0.6829268292682927,0.8484848484848485,0.8539325842696629,0.8512087163772557,0.7567567567567567,0.6605608294369998,0.27049180327868855,2.524759793052476,"{""mag_moment_mean"": [0.4453462461215974, 1.5841829155134], ""melting_point_mean"": [1533.84621781, 1866.894444444445]}"
8,1,legacy_f1,SHAP_top_2,mag_moment_mean;melting_point_mean,2,0.0,100.0,122,33,28,76,13,5,0.6829268292682927,0.8484848484848485,0.8539325842696629,0.8512087163772557,0.7567567567567567,0.6605608294369998,0.27049180327868855,2.524759793052476,"{""mag_moment_mean"": [0.4453462461215974, 1.5841829155134], ""melting_point_mean"": [1533.84621781, 1866.894444444445]}"
8,2,robust_mcc,SHAP_top_2,avg_d_valence_electrons;mag_moment_mean,2,15.0,85.0,124,26,8,93,5,18,0.6153846153846154,0.3076923076923077,0.9489795918367347,0.6283359497645212,0.4102564102564103,0.3410710600121617,0.20967741935483872,2.93491124260355,"{""avg_d_valence_electrons"": [4.8637327500000005, 7.13125], ""mag_moment_mean"": [0.4552691231034483, 0.850972803599138]}"
8,2,legacy_f1,HEA_VEC_sigma,VEC;sigma,2,2.5,97.5,124,26,14,73,25,12,0.358974358974359,0.5384615384615384,0.7448979591836735,0.641679748822606,0.4307692307692308,0.24842524074916372,0.20967741935483872,1.7120315581854042,"{""VEC"": [6.453749999999999, 9.061662499999999], ""sigma"": [1.3923393146113163, 10.409571442987144]}"
8,3,robust_mcc,SHAP_top_2,mag_moment_mean;avg_d_valence_electrons,2,0.0,100.0,129,32,20,73,24,12,0.45454545454545453,0.625,0.7525773195876289,0.6887886597938144,0.5263157894736842,0.3439782275151518,0.24806201550387597,1.8323863636363635,"{""avg_d_valence_electrons"": [3.694703000000001, 7.195], ""mag_moment_mean"": [0.4453462461215974, 1.5841829155134]}"
8,3,legacy_f1,SHAP_top_3,mag_moment_mean;avg_d_valence_electrons;melting_point_mean,3,0.0,100.0,129,32,18,87,10,14,0.6428571428571429,0.5625,0.8969072164948454,0.7297036082474226,0.6000000000000001,0.4813034410606482,0.24806201550387597,2.591517857142857,"{""avg_d_valence_electrons"": [3.694703000000001, 7.195], ""mag_moment_mean"": [0.4453462461215974, 1.5841829155134], ""melting_point_mean"": [1533.84621781, 1866.894444444445]}"
8,4,robust_mcc,SHAP_top_2,mag_moment_mean;melting_point_mean,2,0.0,100.0,129,32,25,85,12,7,0.6756756756756757,0.78125,0.8762886597938144,0.8287693298969072,0.7246376811594203,0.6278955031053887,0.24806201550387597,2.7238175675675675,"{""mag_moment_mean"": [0.4552691231034483, 1.5841829155134], ""melting_point_mean"": [1533.84621781, 1744.7971]}"
8,4,legacy_f1,SHAP_top_2,mag_moment_mean;melting_point_mean,2,0.0,100.0,129,32,25,85,12,7,0.6756756756756757,0.78125,0.8762886597938144,0.8287693298969072,0.7246376811594203,0.6278955031053887,0.24806201550387597,2.7238175675675675,"{""mag_moment_mean"": [0.4552691231034483, 1.5841829155134], ""melting_point_mean"": [1533.84621781, 1744.7971]}"
8,5,robust_mcc,SHAP_top_2,mag_moment_mean;melting_point_mean,2,0.0,100.0,126,28,23,79,19,5,0.5476190476190477,0.8214285714285714,0.8061224489795918,0.8137755102040816,0.6571428571428571,0.5534479783349399,0.2222222222222222,2.464285714285715,"{""mag_moment_mean"": [0.4453462461215974, 1.5841829155134], ""melting_point_mean"": [1533.84621781, 1866.894444444445]}"
8,5,legacy_f1,SHAP_top_2,mag_moment_mean;melting_point_mean,2,0.0,100.0,126,28,23,79,19,5,0.5476190476190477,0.8214285714285714,0.8061224489795918,0.8137755102040816,0.6571428571428571,0.5534479783349399,0.2222222222222222,2.464285714285715,"{""mag_moment_mean"": [0.4453462461215974, 1.5841829155134], ""melting_point_mean"": [1533.84621781, 1866.894444444445]}"
8,6,robust_mcc,HEA_VEC_sigma,VEC;sigma,2,0.0,100.0,128,31,20,69,28,11,0.4166666666666667,0.6451612903225806,0.711340206185567,0.6782507482540738,0.5063291139240507,0.3154731913203686,0.2421875,1.7204301075268817,"{""VEC"": [6.42, 9.0651], ""sigma"": [0.3399483341407857, 18.13641543376212]}"
8,6,legacy_f1,SHAP_top_3,mag_moment_mean;avg_d_valence_electrons;melting_point_mean,3,0.0,100.0,128,31,18,84,13,13,0.5806451612903226,0.5806451612903226,0.865979381443299,0.7233122713668108,0.5806451612903226,0.44662454273362157,0.2421875,2.397502601456816,"{""avg_d_valence_electrons"": [3.694703000000001, 7.195], ""mag_moment_mean"": [0.4453462461215974, 1.5841829155134], ""melting_point_mean"": [1536.19443048, 1866.894444444445]}"
8,7,robust_mcc,SHAP_top_3,mag_moment_mean;avg_d_valence_electrons;dHmix,3,0.0,100.0,127,32,22,86,9,10,0.7096774193548387,0.6875,0.9052631578947369,0.7963815789473685,0.6984126984126984,0.5991030511545238,0.25196850393700787,2.8165322580645165,"{""avg_d_valence_electrons"": [3.694703000000001, 7.195], ""dHmix"": [-28.05587372, 2.06758364], ""mag_moment_mean"": [0.4453462461215974, 0.9454508222222224]}"
8,7,legacy_f1,SHAP_top_3,mag_moment_mean;avg_d_valence_electrons;dHmix,3,0.0,100.0,127,32,22,86,9,10,0.7096774193548387,0.6875,0.9052631578947369,0.7963815789473685,0.6984126984126984,0.5991030511545238,0.25196850393700787,2.8165322580645165,"{""avg_d_valence_electrons"": [3.694703000000001, 7.195], ""dHmix"": [-28.05587372, 2.06758364], ""mag_moment_mean"": [0.4453462461215974, 0.9454508222222224]}"
8,8,robust_mcc,SHAP_top_2,mag_moment_mean;avg_d_valence_electrons,2,15.0,85.0,129,31,9,94,4,22,0.6923076923076923,0.2903225806451613,0.9591836734693877,0.6247531270572745,0.4090909090909091,0.35413972858176423,0.24031007751937986,2.8808933002481387,"{""avg_d_valence_electrons"": [3.709418709418709, 7.1125], ""mag_moment_mean"": [0.48293959477389825, 0.8509716406465517]}"
8,8,legacy_f1,HEA_VEC_sigma,VEC;sigma,2,20.0,80.0,129,31,13,83,15,18,0.4642857142857143,0.41935483870967744,0.8469387755102041,0.6331468071099408,0.44067796610169496,0.2760037191905775,0.24031007751937986,1.9320276497695852,"{""VEC"": [6.48, 8.916400000000001], ""sigma"": [3.160106011806786, 5.779255888895785]}"
8,9,robust_mcc,SHAP_top_2,mag_moment_mean;melting_point_mean,2,0.0,100.0,129,32,27,80,17,5,0.6136363636363636,0.84375,0.8247422680412371,0.8342461340206185,0.7105263157894737,0.6090058208992661,0.24806201550387597,2.473721590909091,"{""mag_moment_mean"": [0.4453462461215974, 1.5841829155134], ""melting_point_mean"": [1533.84621781, 1866.894444444445]}"
8,9,legacy_f1,SHAP_top_2,mag_moment_mean;melting_point_mean,2,0.0,100.0,129,32,27,80,17,5,0.6136363636363636,0.84375,0.8247422680412371,0.8342461340206185,0.7105263157894737,0.6090058208992661,0.24806201550387597,2.473721590909091,"{""mag_moment_mean"": [0.4453462461215974, 1.5841829155134], ""melting_point_mean"": [1533.84621781, 1866.894444444445]}"
8,10,robust_mcc,SHAP_top_2,avg_d_valence_electrons;mag_moment_mean,2,0.0,100.0,126,29,18,76,21,11,0.46153846153846156,0.6206896551724138,0.7835051546391752,0.7020974049057945,0.5294117647058824,0.3680303788908651,0.23015873015873015,2.0053050397877987,"{""avg_d_valence_electrons"": [3.694703000000001, 7.195], ""mag_moment_mean"": [0.4453462461215974, 1.5841829155134]}"
8,10,legacy_f1,SHAP_top_3,avg_d_valence_electrons;mag_moment_mean;melting_point_mean,3,0.0,100.0,126,29,15,89,8,14,0.6521739130434783,0.5172413793103449,0.9175257731958762,0.7173835762531106,0.576923076923077,0.4737607314820758,0.23015873015873015,2.8335832083958024,"{""avg_d_valence_electrons"": [3.694703000000001, 7.195], ""mag_moment_mean"": [0.4453462461215974, 1.5841829155134], ""melting_point_mean"": [1533.84621781, 1866.894444444445]}"
9,1,robust_mcc,SHAP_top_2,mag_moment_mean;melting_point_mean,2,0.0,100.0,122,33,28,73,16,5,0.6363636363636364,0.8484848484848485,0.8202247191011236,0.8343547837929861,0.7272727272727273,0.6186084821419655,0.27049180327868855,2.3526170798898067,"{""mag_moment_mean"": [0.4453462461215974, 1.5841829155134], ""melting_point_mean"": [1533.84621781, 1866.894444444445]}"
9,1,legacy_f1,SHAP_top_2,mag_moment_mean;melting_point_mean,2,0.0,100.0,122,33,28,73,16,5,0.6363636363636364,0.8484848484848485,0.8202247191011236,0.8343547837929861,0.7272727272727273,0.6186084821419655,0.27049180327868855,2.3526170798898067,"{""mag_moment_mean"": [0.4453462461215974, 1.5841829155134], ""melting_point_mean"": [1533.84621781, 1866.894444444445]}"
9,2,robust_mcc,SHAP_top_2,avg_d_valence_electrons;mag_moment_mean,2,20.0,80.0,124,26,8,93,5,18,0.6153846153846154,0.3076923076923077,0.9489795918367347,0.6283359497645212,0.4102564102564103,0.3410710600121617,0.20967741935483872,2.93491124260355,"{""avg_d_valence_electrons"": [4.892855, 7.1], ""mag_moment_mean"": [0.5168444456226068, 0.8509708653448276]}"
9,2,legacy_f1,SHAP_top_3,avg_d_valence_electrons;mag_moment_mean;melting_point_mean,3,0.0,100.0,124,26,10,87,11,16,0.47619047619047616,0.38461538461538464,0.8877551020408163,0.6361852433281004,0.42553191489361697,0.29561842505389774,0.20967741935483872,2.271062271062271,"{""avg_d_valence_electrons"": [3.701747, 7.195], ""mag_moment_mean"": [0.4453462461215974, 1.5841829155134], ""melting_point_mean"": [1533.84621781, 1866.894444444445]}"
9,3,robust_mcc,SHAP_VEC_anchor_3,VEC;mag_moment_mean;avg_d_valence_electrons,3,20.0,80.0,129,31,9,94,4,22,0.6923076923076923,0.2903225806451613,0.9591836734693877,0.6247531270572745,0.4090909090909091,0.35413972858176423,0.24031007751937986,2.8808933002481387,"{""VEC"": [6.48, 8.916400000000001], ""avg_d_valence_electrons"": [3.71679, 7.01], ""mag_moment_mean"": [0.5106100664443483, 0.8509693147413795]}"
9,3,legacy_f1,HEA_VEC_sigma,VEC;sigma,2,20.0,80.0,129,31,13,86,12,18,0.52,0.41935483870967744,0.8775510204081632,0.6484529295589203,0.46428571428571425,0.32094157443629967,0.24031007751937986,2.1638709677419357,"{""VEC"": [6.48, 8.916400000000001], ""sigma"": [3.160106011806786, 5.779255888895785]}"
9,4,robust_mcc,HEA_VEC_sigma,VEC;sigma,2,0.0,100.0,129,32,22,70,27,10,0.4489795918367347,0.6875,0.7216494845360825,0.7045747422680413,0.5432098765432098,0.3640825222394099,0.24806201550387597,1.8099489795918366,"{""VEC"": [6.42, 9.0651], ""sigma"": [0.3399483341407857, 18.13641543376212]}"
9,4,legacy_f1,SHAP_top_4,avg_d_valence_electrons;mag_moment_mean;melting_point_mean;dHmix,4,0.0,100.0,129,32,19,86,11,13,0.6333333333333333,0.59375,0.8865979381443299,0.7401739690721649,0.6129032258064516,0.4910645262561774,0.24806201550387597,2.553125,"{""avg_d_valence_electrons"": [3.694703000000001, 7.195], ""dHmix"": [-28.05587372, 2.06758364], ""mag_moment_mean"": [0.4453462461215974, 1.5841829155134], ""melting_point_mean"": [1533.84621781, 1744.7971]}"
9,5,robust_mcc,HEA_VEC_sigma,VEC;sigma,2,0.0,100.0,129,32,22,70,27,10,0.4489795918367347,0.6875,0.7216494845360825,0.7045747422680413,0.5432098765432098,0.3640825222394099,0.24806201550387597,1.8099489795918366,"{""VEC"": [6.42, 9.0651], ""sigma"": [0.3399483341407857, 18.13641543376212]}"
9,5,legacy_f1,HEA_VEC_sigma_dHmix_dSmix,VEC;sigma;dHmix;dSmix,4,0.0,100.0,129,32,15,90,7,17,0.6818181818181818,0.46875,0.9278350515463918,0.6982925257731959,0.5555555555555556,0.45540098684161434,0.24806201550387597,2.7485795454545454,"{""VEC"": [6.42, 9.0651], ""dHmix"": [-28.02061144, 2.06758364], ""dSmix"": [8.176613146402376, 14.6831325836588], ""sigma"": [0.3399483341407857, 18.13641543376212]}"
9,6,robust_mcc,SHAP_top_2,melting_point_mean;mag_moment_mean,2,0.0,100.0,129,32,26,78,19,6,0.5777777777777777,0.8125,0.8041237113402062,0.8083118556701031,0.6753246753246752,0.5587726969468135,0.24806201550387597,2.3291666666666666,"{""mag_moment_mean"": [0.4453462461215974, 1.5841829155134], ""melting_point_mean"": [1536.19443048, 1866.894444444445]}"
9,6,legacy_f1,SHAP_top_2,melting_point_mean;mag_moment_mean,2,0.0,100.0,129,32,26,78,19,6,0.5777777777777777,0.8125,0.8041237113402062,0.8083118556701031,0.6753246753246752,0.5587726969468135,0.24806201550387597,2.3291666666666666,"{""mag_moment_mean"": [0.4453462461215974, 1.5841829155134], ""melting_point_mean"": [1536.19443048, 1866.894444444445]}"
9,7,robust_mcc,SHAP_top_4,avg_d_valence_electrons;mag_moment_mean;melting_point_mean;electronegativity_range,4,0.0,100.0,126,28,20,86,12,8,0.625,0.7142857142857143,0.8775510204081632,0.7959183673469388,0.6666666666666666,0.5652688522994516,0.2222222222222222,2.8125,"{""avg_d_valence_electrons"": [3.694703000000001, 7.01], ""electronegativity_range"": [0.28, 0.8099999999999998], ""mag_moment_mean"": [0.4453462461215974, 1.5841829155134], ""melting_point_mean"": [1533.84621781, 1866.894444444445]}"
9,7,legacy_f1,SHAP_top_4,avg_d_valence_electrons;mag_moment_mean;melting_point_mean;electronegativity_range,4,0.0,100.0,126,28,20,86,12,8,0.625,0.7142857142857143,0.8775510204081632,0.7959183673469388,0.6666666666666666,0.5652688522994516,0.2222222222222222,2.8125,"{""avg_d_valence_electrons"": [3.694703000000001, 7.01], ""electronegativity_range"": [0.28, 0.8099999999999998], ""mag_moment_mean"": [0.4453462461215974, 1.5841829155134], ""melting_point_mean"": [1533.84621781, 1866.894444444445]}"
9,8,robust_mcc,SHAP_top_2,mag_moment_mean;avg_d_valence_electrons,2,0.0,100.0,127,32,22,83,12,10,0.6470588235294118,0.6875,0.8736842105263158,0.7805921052631579,0.6666666666666667,0.5502515850207099,0.25196850393700787,2.5680147058823533,"{""avg_d_valence_electrons"": [3.694703000000001, 7.195], ""mag_moment_mean"": [0.4453462461215974, 0.9892078375]}"
9,8,legacy_f1,SHAP_top_2,mag_moment_mean;avg_d_valence_electrons,2,0.0,100.0,127,32,22,83,12,10,0.6470588235294118,0.6875,0.8736842105263158,0.7805921052631579,0.6666666666666667,0.5502515850207099,0.25196850393700787,2.5680147058823533,"{""avg_d_valence_electrons"": [3.694703000000001, 7.195], ""mag_moment_mean"": [0.4453462461215974, 0.9892078375]}"
9,9,robust_mcc,HEA_VEC_sigma,VEC;sigma,2,0.0,100.0,128,31,21,72,25,10,0.45652173913043476,0.6774193548387096,0.7422680412371134,0.7098436980379115,0.5454545454545454,0.3747199356617073,0.2421875,1.884992987377279,"{""VEC"": [6.42, 9.0651], ""sigma"": [2.023773902893635, 18.13641543376212]}"
9,9,legacy_f1,SHAP_top_4,avg_d_valence_electrons;mag_moment_mean;melting_point_mean;dX,4,0.0,100.0,128,31,17,88,9,14,0.6538461538461539,0.5483870967741935,0.9072164948453608,0.7278017958097771,0.5964912280701755,0.48514001046936567,0.2421875,2.699751861042184,"{""avg_d_valence_electrons"": [3.694703000000001, 7.195], ""dX"": [0.0938926332360532, 0.2800738738434044], ""mag_moment_mean"": [0.4453462461215974, 1.5841829155134], ""melting_point_mean"": [1533.84621781, 1866.894444444445]}"
9,10,robust_mcc,HEA_VEC_sigma,VEC;sigma,2,0.0,100.0,126,29,19,64,33,10,0.36538461538461536,0.6551724137931034,0.6597938144329897,0.6574831141130466,0.4691358024691357,0.269296881424938,0.23015873015873015,1.5875331564986737,"{""VEC"": [6.42, 9.0651], ""sigma"": [0.3399483341407857, 18.13641543376212]}"
9,10,legacy_f1,SHAP_top_3,mag_moment_mean;avg_d_valence_electrons;melting_point_mean,3,0.0,100.0,126,29,15,86,11,14,0.5769230769230769,0.5172413793103449,0.8865979381443299,0.7019196587273373,0.5454545454545454,0.4200556119906169,0.23015873015873015,2.5066312997347477,"{""avg_d_valence_electrons"": [3.694703000000001, 7.195], ""mag_moment_mean"": [0.4453462461215974, 1.5841829155134], ""melting_point_mean"": [1533.84621781, 1866.894444444445]}"
