feature,mean_abs_shap,rank,repeat,outer_fold
mag_moment_mean,2.1551720752504497,1,0,1
melting_point_mean,0.9674873102913394,2,0,1
VEC,0.7697165269934315,3,0,1
avg_d_valence_electrons,0.5305632965596633,4,0,1
dSmix,0.4901200045960589,5,0,1
dHmix,0.4593317000490686,6,0,1
dX,0.30981284698408057,7,0,1
electronegativity_range,0.2990116806538787,8,0,1
nunfilled_mean,0.28278852906281177,9,0,1
sigma,0.24269287294064174,10,0,1
bandgap_mean,0.014809027558680514,11,0,1
mag_moment_mean,1.4638977783252125,1,0,2
avg_d_valence_electrons,1.2863260250608815,2,0,2
melting_point_mean,0.9878428671168825,3,0,2
dSmix,0.6458102012192504,4,0,2
electronegativity_range,0.46081001929134924,5,0,2
nunfilled_mean,0.3072352165788221,6,0,2
dHmix,0.3008762022956639,7,0,2
VEC,0.29734884621814367,8,0,2
dX,0.2684678002917718,9,0,2
sigma,0.20500916542262962,10,0,2
bandgap_mean,0.007214132037788895,11,0,2
avg_d_valence_electrons,1.9282897407314563,1,0,3
melting_point_mean,1.073404181950198,2,0,3
mag_moment_mean,0.9961273428529146,3,0,3
dSmix,0.826324780511911,4,0,3
dHmix,0.3867326767922268,5,0,3
dX,0.347763654645943,6,0,3
electronegativity_range,0.3309379434525519,7,0,3
nunfilled_mean,0.31053433309005607,8,0,3
sigma,0.26317918082912267,9,0,3
VEC,0.2056789163322531,10,0,3
bandgap_mean,0.030468209630497258,11,0,3
mag_moment_mean,1.7156171898287875,1,0,4
melting_point_mean,1.180162097600684,2,0,4
avg_d_valence_electrons,1.104859117312758,3,0,4
dHmix,0.5442250719206962,4,0,4
VEC,0.44266634555988016,5,0,4
nunfilled_mean,0.32254270779160793,6,0,4
dX,0.24820568739452686,7,0,4
sigma,0.22521726732783617,8,0,4
electronegativity_range,0.17325661244251953,9,0,4
dSmix,0.11979985426182274,10,0,4
bandgap_mean,0.017593787694112815,11,0,4
avg_d_valence_electrons,1.3240056069163146,1,0,5
melting_point_mean,1.115225220372423,2,0,5
mag_moment_mean,1.0582022975253598,3,0,5
dHmix,1.0300293212383258,4,0,5
dSmix,0.6950155482137306,5,0,5
electronegativity_range,0.4513146278715349,6,0,5
nunfilled_mean,0.36814552928608046,7,0,5
dX,0.33791400867861277,8,0,5
VEC,0.3276349284758777,9,0,5
sigma,0.11375403350532569,10,0,5
bandgap_mean,0.05361845513217227,11,0,5
mag_moment_mean,1.4117288339975465,1,0,6
avg_d_valence_electrons,1.1438362045248063,2,0,6
melting_point_mean,0.8215594066535433,3,0,6
electronegativity_range,0.7601668583222075,4,0,6
dSmix,0.5829909914487728,5,0,6
dHmix,0.5022119568415765,6,0,6
nunfilled_mean,0.3325599973096382,7,0,6
VEC,0.23592966501992943,8,0,6
dX,0.21683986919583034,9,0,6
sigma,0.20011236714003247,10,0,6
bandgap_mean,0.04682414440663168,11,0,6
avg_d_valence_electrons,1.3543002272903197,1,0,7
mag_moment_mean,1.116729167446396,2,0,7
electronegativity_range,0.9978152107324865,3,0,7
melting_point_mean,0.7337871397087182,4,0,7
dSmix,0.6119100064784659,5,0,7
nunfilled_mean,0.5103914301657407,6,0,7
dHmix,0.40436511777074463,7,0,7
dX,0.3134249406969985,8,0,7
sigma,0.2563594726102647,9,0,7
VEC,0.21144889073943848,10,0,7
bandgap_mean,0.035899059769530076,11,0,7
mag_moment_mean,2.0483901361642625,1,0,8
avg_d_valence_electrons,1.272356729937041,2,0,8
nunfilled_mean,0.72862160602477,3,0,8
melting_point_mean,0.7216006185459802,4,0,8
sigma,0.5433729722854443,5,0,8
dSmix,0.3248486198585715,6,0,8
dX,0.2470881119006859,7,0,8
VEC,0.24160626850731823,8,0,8
dHmix,0.20428837437773753,9,0,8
bandgap_mean,0.029031833450667215,10,0,8
electronegativity_range,0.023729152561357134,11,0,8
avg_d_valence_electrons,1.4668745244100814,1,0,9
mag_moment_mean,1.3173235528726834,2,0,9
melting_point_mean,1.0276030365074917,3,0,9
dSmix,0.723736888014881,4,0,9
dHmix,0.45191006653059296,5,0,9
electronegativity_range,0.4219455336074398,6,0,9
dX,0.3510186492068609,7,0,9
nunfilled_mean,0.28330799271146234,8,0,9
VEC,0.25732522678922026,9,0,9
sigma,0.21023584528142392,10,0,9
bandgap_mean,0.01229145728023108,11,0,9
mag_moment_mean,1.9262432802783263,1,0,10
avg_d_valence_electrons,1.803344228906907,2,0,10
melting_point_mean,0.8193821021683306,3,0,10
sigma,0.5358719497886075,4,0,10
dSmix,0.41958390871334106,5,0,10
dX,0.40228798154555867,6,0,10
nunfilled_mean,0.1988478889516261,7,0,10
electronegativity_range,0.17810944909669435,8,0,10
dHmix,0.14683756727892297,9,0,10
VEC,0.1373201879085468,10,0,10
bandgap_mean,0.05589061186497874,11,0,10
mag_moment_mean,2.087214502655254,1,1,1
melting_point_mean,0.9647964377903011,2,1,1
VEC,0.6718219991083725,3,1,1
dHmix,0.49612195427993533,4,1,1
dX,0.4764408865838623,5,1,1
electronegativity_range,0.4582695234121668,6,1,1
dSmix,0.3967278783996093,7,1,1
avg_d_valence_electrons,0.39359520120639935,8,1,1
nunfilled_mean,0.33812527014625404,9,1,1
sigma,0.20816613910522194,10,1,1
bandgap_mean,0.030620438918929727,11,1,1
avg_d_valence_electrons,1.6014386359766082,1,1,2
mag_moment_mean,1.1096839498900215,2,1,2
electronegativity_range,0.8280691637562633,3,1,2
melting_point_mean,0.6494430994109982,4,1,2
dHmix,0.5913742329171296,5,1,2
dX,0.30789801674094625,6,1,2
nunfilled_mean,0.2880869413254756,7,1,2
VEC,0.27378150547507185,8,1,2
dSmix,0.2467318978470151,9,1,2
sigma,0.18947573851939034,10,1,2
bandgap_mean,0.08287907713425426,11,1,2
avg_d_valence_electrons,1.584534763558601,1,1,3
mag_moment_mean,1.217802370288164,2,1,3
dSmix,0.803123805817097,3,1,3
electronegativity_range,0.7098469374791243,4,1,3
melting_point_mean,0.5963204205631235,5,1,3
dX,0.3896764412092187,6,1,3
dHmix,0.3590878370475525,7,1,3
sigma,0.27018315737814597,8,1,3
nunfilled_mean,0.19054151179631937,9,1,3
VEC,0.16409450183574148,10,1,3
bandgap_mean,0.0449589707081076,11,1,3
mag_moment_mean,2.0886735858441186,1,1,4
melting_point_mean,1.2485138346232967,2,1,4
avg_d_valence_electrons,0.7315164193319661,3,1,4
dHmix,0.5763992206587312,4,1,4
sigma,0.42182448741266565,5,1,4
dSmix,0.29797383173046693,6,1,4
dX,0.2624639642551673,7,1,4
VEC,0.23634398732313583,8,1,4
nunfilled_mean,0.2084469987496495,9,1,4
electronegativity_range,0.11418723992005132,10,1,4
bandgap_mean,0.012652492047239276,11,1,4
mag_moment_mean,1.8503784432798775,1,1,5
melting_point_mean,1.1177549635548876,2,1,5
dSmix,0.6124736511357033,3,1,5
electronegativity_range,0.5485343419723177,4,1,5
avg_d_valence_electrons,0.5041517924106518,5,1,5
VEC,0.469266284080419,6,1,5
nunfilled_mean,0.46327939410423286,7,1,5
sigma,0.31366165720551925,8,1,5
dX,0.29282767031479773,9,1,5
dHmix,0.2662898146738335,10,1,5
bandgap_mean,0.026659601360316847,11,1,5
mag_moment_mean,1.679615111451464,1,1,6
avg_d_valence_electrons,1.4531334784305376,2,1,6
dSmix,0.7458437530905541,3,1,6
melting_point_mean,0.6833812384012642,4,1,6
sigma,0.6376995125127628,5,1,6
dHmix,0.4748101167112911,6,1,6
dX,0.3273112004557403,7,1,6
VEC,0.22199468748251958,8,1,6
nunfilled_mean,0.17592888729039066,9,1,6
electronegativity_range,0.04248908040169464,10,1,6
bandgap_mean,0.02742770918887884,11,1,6
avg_d_valence_electrons,1.9711569605257795,1,1,7
mag_moment_mean,0.8479311279991951,2,1,7
melting_point_mean,0.7552811940341773,3,1,7
dSmix,0.6197173455485628,4,1,7
electronegativity_range,0.48172861831798136,5,1,7
dX,0.451368110240315,6,1,7
dHmix,0.3869414514780357,7,1,7
nunfilled_mean,0.3473356742271282,8,1,7
VEC,0.2709870036158466,9,1,7
sigma,0.2620028896160994,10,1,7
bandgap_mean,0.07847751369510589,11,1,7
avg_d_valence_electrons,1.7619443882466719,1,1,8
mag_moment_mean,1.2542513206306305,2,1,8
melting_point_mean,1.0625445166543934,3,1,8
dSmix,0.8515682425672517,4,1,8
dHmix,0.6915021786089113,5,1,8
electronegativity_range,0.5377687773009293,6,1,8
nunfilled_mean,0.2620234810343953,7,1,8
dX,0.22440335290016264,8,1,8
sigma,0.16970243595575032,9,1,8
VEC,0.12021426620280895,10,1,8
bandgap_mean,0.02267352405036852,11,1,8
mag_moment_mean,1.3767003605851023,1,1,9
melting_point_mean,1.2209324504949834,2,1,9
avg_d_valence_electrons,0.9446937037583166,3,1,9
dHmix,0.6835884029574588,4,1,9
electronegativity_range,0.6421817303918141,5,1,9
nunfilled_mean,0.5194706839715536,6,1,9
dX,0.4390454574283407,7,1,9
dSmix,0.37701509866750715,8,1,9
VEC,0.3292436676348713,9,1,9
sigma,0.2733081492696457,10,1,9
bandgap_mean,0.09008504930559932,11,1,9
mag_moment_mean,1.7231372682333481,1,1,10
avg_d_valence_electrons,1.5120635868893353,2,1,10
melting_point_mean,1.0926261691598687,3,1,10
electronegativity_range,0.7133232900577603,4,1,10
dSmix,0.5344513208267042,5,1,10
dX,0.3227086505082195,6,1,10
nunfilled_mean,0.3060675489476828,7,1,10
VEC,0.2347038083989373,8,1,10
dHmix,0.2289946265041059,9,1,10
sigma,0.14891280006168248,10,1,10
bandgap_mean,0.0024999343255713044,11,1,10
mag_moment_mean,1.9849778476215083,1,2,1
melting_point_mean,0.9283708230418276,2,2,1
VEC,0.6301658471434592,3,2,1
dHmix,0.6247606154695174,4,2,1
avg_d_valence_electrons,0.5982966516936605,5,2,1
electronegativity_range,0.454957793697672,6,2,1
dSmix,0.45032654619936924,7,2,1
dX,0.315052552272643,8,2,1
sigma,0.24871787564196288,9,2,1
nunfilled_mean,0.23139185912649796,10,2,1
bandgap_mean,0.008726873589376908,11,2,1
mag_moment_mean,1.6375975274279166,1,2,2
avg_d_valence_electrons,1.2799740907566033,2,2,2
melting_point_mean,0.7518613012149784,3,2,2
dSmix,0.4067825314528525,4,2,2
dX,0.36141438900964573,5,2,2
nunfilled_mean,0.3246328376853463,6,2,2
dHmix,0.3198890032810443,7,2,2
VEC,0.3065276530908716,8,2,2
electronegativity_range,0.2932864248448296,9,2,2
sigma,0.2534295040814939,10,2,2
bandgap_mean,0.024448284044930952,11,2,2
mag_moment_mean,2.000982600787606,1,2,3
melting_point_mean,0.8235128627192017,2,2,3
electronegativity_range,0.6745547793377094,3,2,3
avg_d_valence_electrons,0.6450159984823912,4,2,3
dHmix,0.6053731335967871,5,2,3
dSmix,0.446013774497736,6,2,3
nunfilled_mean,0.2306276788535168,7,2,3
sigma,0.21347612047939327,8,2,3
VEC,0.2099274513670096,9,2,3
dX,0.18140626243175537,10,2,3
bandgap_mean,0.010488410944824781,11,2,3
mag_moment_mean,2.192528256852777,1,2,4
melting_point_mean,1.4424044122174824,2,2,4
avg_d_valence_electrons,0.8898771652760558,3,2,4
sigma,0.5265814540626355,4,2,4
dX,0.34209038196133085,5,2,4
VEC,0.2709941991244372,6,2,4
nunfilled_mean,0.27068978904452273,7,2,4
dHmix,0.2613942903073082,8,2,4
dSmix,0.16578657953051032,9,2,4
electronegativity_range,0.03347088713692147,10,2,4
bandgap_mean,0.01138510138864815,11,2,4
avg_d_valence_electrons,1.725842377121708,1,2,5
mag_moment_mean,1.530046279747374,2,2,5
melting_point_mean,0.8146395023682584,3,2,5
electronegativity_range,0.7421806042483567,4,2,5
dSmix,0.5294651415050003,5,2,5
dHmix,0.3151670490715524,6,2,5
dX,0.24289067065213718,7,2,5
VEC,0.23441273607410365,8,2,5
nunfilled_mean,0.2144900940505365,9,2,5
sigma,0.1607156496720098,10,2,5
bandgap_mean,0.007019186330720373,11,2,5
avg_d_valence_electrons,1.3645891117527509,1,2,6
melting_point_mean,1.3642646947736468,2,2,6
mag_moment_mean,1.3224317089945543,3,2,6
dSmix,0.8169771911396452,4,2,6
electronegativity_range,0.44461162079778815,5,2,6
nunfilled_mean,0.28857304542005513,6,2,6
VEC,0.26616273323094986,7,2,6
dHmix,0.2463012063914586,8,2,6
sigma,0.24543447624308318,9,2,6
dX,0.2049349279334128,10,2,6
bandgap_mean,0.02577285040202684,11,2,6
mag_moment_mean,1.8367223057965376,1,2,7
avg_d_valence_electrons,1.615011825998396,2,2,7
melting_point_mean,0.7594995460741758,3,2,7
nunfilled_mean,0.32391663111124325,4,2,7
VEC,0.31062989141899644,5,2,7
dX,0.3091795428348189,6,2,7
dHmix,0.29577131486596586,7,2,7
dSmix,0.21646104886211773,8,2,7
sigma,0.16817827477805078,9,2,7
bandgap_mean,0.06337563248188481,10,2,7
electronegativity_range,0.059170493292143675,11,2,7
mag_moment_mean,1.3132677392603682,1,2,8
avg_d_valence_electrons,1.2098961159814092,2,2,8
melting_point_mean,0.9510374947986294,3,2,8
dSmix,0.7397850359875744,4,2,8
dHmix,0.6150923055504021,5,2,8
dX,0.37789022234331754,6,2,8
VEC,0.37429858234184543,7,2,8
nunfilled_mean,0.2723486578258158,8,2,8
electronegativity_range,0.26586171943082054,9,2,8
sigma,0.16378757926041024,10,2,8
bandgap_mean,0.02864223710727371,11,2,8
VEC,1.3931182487294813,1,2,9
avg_d_valence_electrons,0.9245496585447368,2,2,9
mag_moment_mean,0.8889382352988298,3,2,9
dSmix,0.8218350650646002,4,2,9
melting_point_mean,0.7470078472134459,5,2,9
nunfilled_mean,0.5760808646985733,6,2,9
sigma,0.5367947048867879,7,2,9
dX,0.3872062705233992,8,2,9
dHmix,0.3763845011306089,9,2,9
electronegativity_range,0.29222039542150346,10,2,9
bandgap_mean,0.028943100821441897,11,2,9
mag_moment_mean,1.288461741375515,1,2,10
avg_d_valence_electrons,1.1753734762563524,2,2,10
melting_point_mean,0.9691612019783136,3,2,10
electronegativity_range,0.7875263903274574,4,2,10
dSmix,0.6809223519667199,5,2,10
dHmix,0.6593883948109331,6,2,10
nunfilled_mean,0.42407960679201717,7,2,10
dX,0.4213745934090009,8,2,10
VEC,0.1849561995417182,9,2,10
sigma,0.1642821151090922,10,2,10
bandgap_mean,0.07343610789438634,11,2,10
mag_moment_mean,2.380359440761779,1,3,1
melting_point_mean,0.8444687585579387,2,3,1
avg_d_valence_electrons,0.7462081678439585,3,3,1
dHmix,0.5649582316683279,4,3,1
dX,0.543962922434458,5,3,1
nunfilled_mean,0.3725789340226832,6,3,1
electronegativity_range,0.3378843120429828,7,3,1
VEC,0.3265928833703082,8,3,1
dSmix,0.2884274860831994,9,3,1
sigma,0.12242614247044224,10,3,1
bandgap_mean,0.04137132518812808,11,3,1
avg_d_valence_electrons,2.0570649373241556,1,3,2
melting_point_mean,0.9280298252740772,2,3,2
mag_moment_mean,0.8223451460568887,3,3,2
dHmix,0.6007231843141867,4,3,2
dSmix,0.5162365375193713,5,3,2
dX,0.43629539769748293,6,3,2
VEC,0.41187564040281777,7,3,2
electronegativity_range,0.3520179626892804,8,3,2
nunfilled_mean,0.2636504083678617,9,3,2
sigma,0.11238479736555017,10,3,2
bandgap_mean,0.09354158689915541,11,3,2
mag_moment_mean,1.485635474199287,1,3,3
avg_d_valence_electrons,1.3678984548977127,2,3,3
melting_point_mean,1.2543201718339938,3,3,3
dSmix,0.8449931398819721,4,3,3
dX,0.3275987638548913,5,3,3
VEC,0.2902664452351265,6,3,3
electronegativity_range,0.22149601227114787,7,3,3
dHmix,0.20906280147302103,8,3,3
nunfilled_mean,0.2035979515535921,9,3,3
sigma,0.14051156178602342,10,3,3
bandgap_mean,0.015279483850457697,11,3,3
mag_moment_mean,1.8035522162814503,1,3,4
avg_d_valence_electrons,1.0500346375835796,2,3,4
melting_point_mean,1.0256735486073343,3,3,4
dHmix,0.6133385830559108,4,3,4
nunfilled_mean,0.4742821784720217,5,3,4
VEC,0.37294642481977824,6,3,4
electronegativity_range,0.3278830597286587,7,3,4
dSmix,0.30440576739610153,8,3,4
dX,0.2849754892117031,9,3,4
sigma,0.09638700089409301,10,3,4
bandgap_mean,0.02673559980819505,11,3,4
avg_d_valence_electrons,2.0203944716121596,1,3,5
electronegativity_range,1.0930725477901848,2,3,5
melting_point_mean,0.9340081833124543,3,3,5
dSmix,0.5895393140039907,4,3,5
nunfilled_mean,0.503398184607009,5,3,5
dHmix,0.46768212152004807,6,3,5
VEC,0.41979344796621937,7,3,5
dX,0.41886793286371765,8,3,5
mag_moment_mean,0.3599920269533959,9,3,5
sigma,0.14591009164590882,10,3,5
bandgap_mean,0.0908887487622429,11,3,5
mag_moment_mean,1.5795056379402763,1,3,6
avg_d_valence_electrons,1.2603058042913666,2,3,6
melting_point_mean,1.1140375636209119,3,3,6
dHmix,0.47790722677497627,4,3,6
electronegativity_range,0.40763844852981873,5,3,6
VEC,0.39220772563809514,6,3,6
sigma,0.3433371017721709,7,3,6
nunfilled_mean,0.3323352539399273,8,3,6
dX,0.31581224491179455,9,3,6
dSmix,0.2953079363199325,10,3,6
bandgap_mean,0.06557095795513568,11,3,6
mag_moment_mean,1.5433890574789793,1,3,7
melting_point_mean,1.1216748047650125,2,3,7
electronegativity_range,0.727591482745914,3,3,7
dSmix,0.5401958212779182,4,3,7
VEC,0.5383103537791134,5,3,7
dHmix,0.510991230447397,6,3,7
avg_d_valence_electrons,0.38624520638287785,7,3,7
dX,0.34634997128599854,8,3,7
nunfilled_mean,0.3086728190720305,9,3,7
sigma,0.18200858486820246,10,3,7
bandgap_mean,0.017875990628775512,11,3,7
mag_moment_mean,1.7043055081925826,1,3,8
avg_d_valence_electrons,1.012807664881069,2,3,8
melting_point_mean,0.9048302166270279,3,3,8
dHmix,0.6048789474164135,4,3,8
electronegativity_range,0.5411835848457448,5,3,8
dX,0.39449594611102085,6,3,8
dSmix,0.3591477600936946,7,3,8
VEC,0.31131848661339595,8,3,8
nunfilled_mean,0.24897548114745982,9,3,8
sigma,0.10019036292649705,10,3,8
bandgap_mean,0.043390759419596685,11,3,8
avg_d_valence_electrons,1.616399811072255,1,3,9
dSmix,1.179947447373754,2,3,9
mag_moment_mean,0.945743873440359,3,3,9
melting_point_mean,0.7875505778751698,4,3,9
dX,0.5105201447594051,5,3,9
electronegativity_range,0.4440596454002991,6,3,9
dHmix,0.3124162690753988,7,3,9
sigma,0.2959984554657665,8,3,9
nunfilled_mean,0.1883683873605339,9,3,9
VEC,0.16728694599997163,10,3,9
bandgap_mean,0.02464464881379172,11,3,9
mag_moment_mean,1.761875265700651,1,3,10
avg_d_valence_electrons,1.380836789401039,2,3,10
melting_point_mean,0.8882587722842041,3,3,10
dSmix,0.5875854138658831,4,3,10
nunfilled_mean,0.47385644786790904,5,3,10
dHmix,0.3394152669102918,6,3,10
dX,0.3390622125472265,7,3,10
sigma,0.23158360239795547,8,3,10
VEC,0.17219799865110372,9,3,10
bandgap_mean,0.016936007271204055,10,3,10
electronegativity_range,0.013475992961879216,11,3,10
mag_moment_mean,2.3091535371965723,1,4,1
melting_point_mean,0.8707385949277107,2,4,1
avg_d_valence_electrons,0.6971402094785574,3,4,1
dHmix,0.5821864304987349,4,4,1
VEC,0.5227569626817199,5,4,1
dX,0.3990606989906039,6,4,1
nunfilled_mean,0.3727689753627341,7,4,1
sigma,0.27831958752534164,8,4,1
electronegativity_range,0.24330115983209166,9,4,1
dSmix,0.19730269387586158,10,4,1
bandgap_mean,0.01375203525214288,11,4,1
mag_moment_mean,1.5416317579938594,1,4,2
avg_d_valence_electrons,1.2890565286755065,2,4,2
melting_point_mean,0.7973142260581968,3,4,2
dHmix,0.5374741259555653,4,4,2
nunfilled_mean,0.3692434970536915,5,4,2
VEC,0.3644256168584458,6,4,2
electronegativity_range,0.32277490885695204,7,4,2
dX,0.29728851687003227,8,4,2
sigma,0.2688695385785092,9,4,2
dSmix,0.20538312200072895,10,4,2
bandgap_mean,0.07660642537842965,11,4,2
mag_moment_mean,1.3577781022837978,1,4,3
avg_d_valence_electrons,1.2152863229362552,2,4,3
melting_point_mean,1.0530569141023054,3,4,3
dSmix,0.5985710998176998,4,4,3
electronegativity_range,0.42990129997731624,5,4,3
VEC,0.4111691277702949,6,4,3
dX,0.40201179925398123,7,4,3
dHmix,0.38253956858672167,8,4,3
nunfilled_mean,0.37664010174211515,9,4,3
sigma,0.1730358185412322,10,4,3
bandgap_mean,0.04966027254587526,11,4,3
mag_moment_mean,2.1490976760349576,1,4,4
avg_d_valence_electrons,1.2289995008627588,2,4,4
melting_point_mean,0.9015419998184704,3,4,4
dX,0.4003825872741189,4,4,4
dHmix,0.3794136028791017,5,4,4
electronegativity_range,0.3425990235285582,6,4,4
VEC,0.27798439342911585,7,4,4
dSmix,0.20632012169118882,8,4,4
sigma,0.15762134389972987,9,4,4
nunfilled_mean,0.15415577583408238,10,4,4
bandgap_mean,0.08915558850585055,11,4,4
avg_d_valence_electrons,1.798735654926897,1,4,5
mag_moment_mean,1.1063958522484847,2,4,5
melting_point_mean,0.8024141222838765,3,4,5
dHmix,0.75055716229679,4,4,5
dSmix,0.6160551751440746,5,4,5
sigma,0.48911922217868614,6,4,5
nunfilled_mean,0.3659116396912213,7,4,5
dX,0.28762102561692565,8,4,5
VEC,0.23767283187219784,9,4,5
electronegativity_range,0.23586004435165075,10,4,5
bandgap_mean,0.02497123655684082,11,4,5
mag_moment_mean,1.3502414245080867,1,4,6
avg_d_valence_electrons,1.3196186481520142,2,4,6
melting_point_mean,1.158898211330298,3,4,6
dSmix,0.6428192708786502,4,4,6
electronegativity_range,0.45941208522667254,5,4,6
dHmix,0.4177962935953197,6,4,6
dX,0.3466360040818642,7,4,6
VEC,0.30756975035437184,8,4,6
nunfilled_mean,0.2798690509820012,9,4,6
sigma,0.21102914766073688,10,4,6
bandgap_mean,0.029380405440412215,11,4,6
mag_moment_mean,1.751409753983325,1,4,7
avg_d_valence_electrons,1.4088972584586128,2,4,7
melting_point_mean,1.0238098318654443,3,4,7
dSmix,0.822952386533536,4,4,7
dX,0.3649456089320482,5,4,7
nunfilled_mean,0.27850901937981193,6,4,7
VEC,0.25631374579387756,7,4,7
dHmix,0.17818405850669772,8,4,7
sigma,0.11742997661208673,9,4,7
electronegativity_range,0.08264710356179145,10,4,7
bandgap_mean,0.021139607289886665,11,4,7
avg_d_valence_electrons,1.7236806107185467,1,4,8
dSmix,1.0010012706451534,2,4,8
mag_moment_mean,0.9640749610434239,3,4,8
dHmix,0.550339394581958,4,4,8
melting_point_mean,0.4584894546910602,5,4,8
sigma,0.4504309277838121,6,4,8
electronegativity_range,0.4373371755101674,7,4,8
dX,0.34648178932694934,8,4,8
nunfilled_mean,0.26769336037523095,9,4,8
VEC,0.19125171616020506,10,4,8
bandgap_mean,0.06388168287713432,11,4,8
avg_d_valence_electrons,1.375728255345433,1,4,9
mag_moment_mean,1.0241169380444397,2,4,9
melting_point_mean,0.9607782219794255,3,4,9
electronegativity_range,0.8632360826969069,4,4,9
dHmix,0.843582729572646,5,4,9
dSmix,0.48202667646006936,6,4,9
nunfilled_mean,0.33515357795817996,7,4,9
dX,0.31669729227967736,8,4,9
VEC,0.2844498504301675,9,4,9
sigma,0.12418786667652233,10,4,9
bandgap_mean,0.051716056888767875,11,4,9
mag_moment_mean,1.5225913273547163,1,4,10
avg_d_valence_electrons,1.2491989486157191,2,4,10
melting_point_mean,1.2288996370723586,3,4,10
dSmix,0.7822930122945772,4,4,10
electronegativity_range,0.574715614108766,5,4,10
VEC,0.30743425262909224,6,4,10
nunfilled_mean,0.28892232404598056,7,4,10
sigma,0.2396491461632467,8,4,10
dHmix,0.22364930750334447,9,4,10
dX,0.21259435617669162,10,4,10
bandgap_mean,0.02366319081189377,11,4,10
mag_moment_mean,2.179020301231334,1,5,1
melting_point_mean,1.03188512256911,2,5,1
VEC,0.6746878623172262,3,5,1
avg_d_valence_electrons,0.5691703750462286,4,5,1
dHmix,0.5097322096802508,5,5,1
dSmix,0.4750592210620337,6,5,1
dX,0.32090849448858194,7,5,1
electronegativity_range,0.2813052618931453,8,5,1
sigma,0.24929834036889054,9,5,1
nunfilled_mean,0.238634576263521,10,5,1
bandgap_mean,0.009600788131390562,11,5,1
avg_d_valence_electrons,1.394360606761563,1,5,2
mag_moment_mean,1.1217626219877852,2,5,2
melting_point_mean,0.8340234782537185,3,5,2
electronegativity_range,0.6013093996713506,4,5,2
dSmix,0.5434401126551129,5,5,2
dHmix,0.5217182757896642,6,5,2
dX,0.43542973598093426,7,5,2
nunfilled_mean,0.32967885117905527,8,5,2
VEC,0.3110843916272879,9,5,2
sigma,0.17187241573251016,10,5,2
bandgap_mean,0.020233068702508045,11,5,2
avg_d_valence_electrons,2.1434122824367834,1,5,3
melting_point_mean,0.8092669410634219,2,5,3
mag_moment_mean,0.7325854867039573,3,5,3
dSmix,0.6432430841498982,4,5,3
dHmix,0.5589177638872584,5,5,3
sigma,0.4803395062333981,6,5,3
nunfilled_mean,0.4640314405141888,7,5,3
electronegativity_range,0.3043457869912924,8,5,3
dX,0.29698814587037703,9,5,3
VEC,0.1995135716358546,10,5,3
bandgap_mean,0.018310549755878917,11,5,3
mag_moment_mean,1.7005200726576841,1,5,4
avg_d_valence_electrons,1.1249371955438152,2,5,4
melting_point_mean,1.0036706551539374,3,5,4
dHmix,0.5753973052153669,4,5,4
electronegativity_range,0.5449264580236122,5,5,4
VEC,0.37320846354376264,6,5,4
dX,0.2815852525446653,7,5,4
nunfilled_mean,0.2759445553667269,8,5,4
dSmix,0.25608096100904376,9,5,4
sigma,0.1126513908590069,10,5,4
bandgap_mean,0.025580900337844173,11,5,4
mag_moment_mean,1.623459712180845,1,5,5
avg_d_valence_electrons,1.4415488617368073,2,5,5
melting_point_mean,0.7986172443959029,3,5,5
dSmix,0.6349985966108701,4,5,5
nunfilled_mean,0.5308894916794991,5,5,5
dHmix,0.5039226064975644,6,5,5
dX,0.40627678230702313,7,5,5
VEC,0.3341090411248541,8,5,5
sigma,0.18629383537150868,9,5,5
bandgap_mean,0.08145258971538799,10,5,5
electronegativity_range,0.02067142883683885,11,5,5
mag_moment_mean,1.3750937490393658,1,5,6
avg_d_valence_electrons,1.2874811235092487,2,5,6
melting_point_mean,1.1133191050263174,3,5,6
dSmix,0.7192215770709064,4,5,6
electronegativity_range,0.6409996104826546,5,5,6
sigma,0.3286599537816354,6,5,6
dX,0.3039009763706768,7,5,6
nunfilled_mean,0.24325813169415073,8,5,6
dHmix,0.2276456645155929,9,5,6
VEC,0.20828175439985136,10,5,6
bandgap_mean,0.030559208771332926,11,5,6
mag_moment_mean,1.6310967481957155,1,5,7
avg_d_valence_electrons,1.4919645956646694,2,5,7
melting_point_mean,0.7575344111969343,3,5,7
electronegativity_range,0.7093656788625134,4,5,7
dSmix,0.649768438559503,5,5,7
dX,0.3448636079522454,6,5,7
nunfilled_mean,0.26283091921961216,7,5,7
dHmix,0.22719242379672303,8,5,7
VEC,0.22247265016790427,9,5,7
sigma,0.22077229813307925,10,5,7
bandgap_mean,0.019934714818561967,11,5,7
mag_moment_mean,2.035789779834545,1,5,8
melting_point_mean,1.3054008446519958,2,5,8
avg_d_valence_electrons,0.7155039461172046,3,5,8
dX,0.539713645082169,4,5,8
VEC,0.47126423265448913,5,5,8
sigma,0.36560504693420687,6,5,8
dHmix,0.31297090025761937,7,5,8
nunfilled_mean,0.26947684475871087,8,5,8
electronegativity_range,0.20884687408396863,9,5,8
dSmix,0.18340286664619557,10,5,8
bandgap_mean,0.016034116261777743,11,5,8
mag_moment_mean,1.3550842682275202,1,5,9
avg_d_valence_electrons,1.243598281520854,2,5,9
electronegativity_range,1.0143593732813292,3,5,9
dHmix,0.8287018319895261,4,5,9
dSmix,0.6765964881387355,5,5,9
melting_point_mean,0.47580433384732246,6,5,9
sigma,0.31275000236635914,7,5,9
dX,0.2704744876992277,8,5,9
nunfilled_mean,0.24336856620027192,9,5,9
VEC,0.139301133705032,10,5,9
bandgap_mean,0.04641833107272237,11,5,9
mag_moment_mean,1.347557602292682,1,5,10
avg_d_valence_electrons,1.3379450628421228,2,5,10
melting_point_mean,1.0562152754189964,3,5,10
electronegativity_range,0.5902311357096116,4,5,10
dSmix,0.4838153255107174,5,5,10
dHmix,0.4045398881926478,6,5,10
sigma,0.3151887438435042,7,5,10
dX,0.31496709714160726,8,5,10
nunfilled_mean,0.2947571143046668,9,5,10
VEC,0.26271914014326964,10,5,10
bandgap_mean,0.0053785706566342835,11,5,10
mag_moment_mean,2.1736438811527274,1,6,1
melting_point_mean,0.9961422217500965,2,6,1
VEC,0.7222927807312185,3,6,1
dX,0.46860684826099147,4,6,1
dHmix,0.44619819421807383,5,6,1
electronegativity_range,0.40291286008414107,6,6,1
avg_d_valence_electrons,0.38740055364516346,7,6,1
dSmix,0.38330265995742535,8,6,1
nunfilled_mean,0.3151772651643654,9,6,1
sigma,0.3102096202991832,10,6,1
bandgap_mean,0.032926236274967706,11,6,1
avg_d_valence_electrons,1.5553381005745577,1,6,2
mag_moment_mean,0.9994334522048129,2,6,2
melting_point_mean,0.9443308588041919,3,6,2
dSmix,0.6135617886394625,4,6,2
dX,0.40643862032989964,5,6,2
electronegativity_range,0.37697555680650124,6,6,2
dHmix,0.35085174411837483,7,6,2
nunfilled_mean,0.327685135749304,8,6,2
VEC,0.2893552687666436,9,6,2
sigma,0.2815589764272996,10,6,2
bandgap_mean,0.034996114575232405,11,6,2
avg_d_valence_electrons,1.4431778193688902,1,6,3
mag_moment_mean,1.4162781597583591,2,6,3
melting_point_mean,0.8605119702822783,3,6,3
dSmix,0.7325456577633374,4,6,3
electronegativity_range,0.5604717711774919,5,6,3
dX,0.434997115440242,6,6,3
dHmix,0.40331401308668546,7,6,3
nunfilled_mean,0.2836724657315071,8,6,3
sigma,0.1940852231850188,9,6,3
VEC,0.1888103837858656,10,6,3
bandgap_mean,0.010576184949257824,11,6,3
mag_moment_mean,1.7500220909846587,1,6,4
melting_point_mean,1.3436835875332216,2,6,4
avg_d_valence_electrons,1.2879372948309984,3,6,4
dHmix,0.4904255782839874,4,6,4
nunfilled_mean,0.3809700650237575,5,6,4
dX,0.32750671966483763,6,6,4
VEC,0.2623974486820323,7,6,4
dSmix,0.22708577608134445,8,6,4
sigma,0.21834147511514615,9,6,4
electronegativity_range,0.13327717302776831,10,6,4
bandgap_mean,0.031870849590955076,11,6,4
avg_d_valence_electrons,1.4454001019969254,1,6,5
mag_moment_mean,1.1931657815604573,2,6,5
dHmix,0.8024011257661061,3,6,5
melting_point_mean,0.7841437807130461,4,6,5
electronegativity_range,0.7743952759486935,5,6,5
dSmix,0.6254544832373045,6,6,5
nunfilled_mean,0.3085318750972836,7,6,5
dX,0.30174791564037345,8,6,5
VEC,0.25338347515719706,9,6,5
sigma,0.23209456450109214,10,6,5
bandgap_mean,0.013847490353046816,11,6,5
mag_moment_mean,1.8301723052079673,1,6,6
avg_d_valence_electrons,1.116280036033247,2,6,6
melting_point_mean,0.9889756276737273,3,6,6
electronegativity_range,0.6946028464595431,4,6,6
dSmix,0.5963074357471095,5,6,6
dX,0.3918997380394705,6,6,6
VEC,0.2691563892378727,7,6,6
nunfilled_mean,0.23604302475230649,8,6,6
dHmix,0.19798895472421355,9,6,6
sigma,0.07803905152185261,10,6,6
bandgap_mean,0.0254297595960019,11,6,6
avg_d_valence_electrons,1.3157609752555461,1,6,7
mag_moment_mean,1.2725021294657182,2,6,7
melting_point_mean,0.8585841253315141,3,6,7
dHmix,0.718061618754722,4,6,7
dSmix,0.6130625557154191,5,6,7
dX,0.5790910457131953,6,6,7
sigma,0.46244408852195007,7,6,7
nunfilled_mean,0.3658894768018444,8,6,7
electronegativity_range,0.2697911645989951,9,6,7
VEC,0.13018747758032326,10,6,7
bandgap_mean,0.09730805334406344,11,6,7
mag_moment_mean,1.6376630251192228,1,6,8
avg_d_valence_electrons,1.393706425383007,2,6,8
melting_point_mean,0.9490177613778034,3,6,8
dHmix,0.42234958339206924,4,6,8
electronegativity_range,0.3774793650453155,5,6,8
sigma,0.36881232758442684,6,6,8
nunfilled_mean,0.3305465566298517,7,6,8
VEC,0.31843627343903547,8,6,8
dX,0.28157403466801234,9,6,8
dSmix,0.2279314530428898,10,6,8
bandgap_mean,0.06901814230122388,11,6,8
mag_moment_mean,2.173453948434786,1,6,9
avg_d_valence_electrons,1.1819071403260564,2,6,9
melting_point_mean,0.9016676947017247,3,6,9
dSmix,0.5171523202160737,4,6,9
dHmix,0.29678700971446165,5,6,9
nunfilled_mean,0.2941888729301486,6,6,9
VEC,0.2754341907073582,7,6,9
sigma,0.180836305834696,8,6,9
dX,0.14291236239404323,9,6,9
electronegativity_range,0.034700571177123204,10,6,9
bandgap_mean,0.011684973852803716,11,6,9
avg_d_valence_electrons,2.154309066148284,1,6,10
melting_point_mean,0.8851022849260058,2,6,10
mag_moment_mean,0.6645087236144746,3,6,10
electronegativity_range,0.576422297623302,4,6,10
dSmix,0.49571356891689483,5,6,10
VEC,0.40426134408623343,6,6,10
nunfilled_mean,0.3984489409162103,7,6,10
dX,0.36471771952861987,8,6,10
dHmix,0.3109263588344023,9,6,10
sigma,0.10468299477707002,10,6,10
bandgap_mean,0.003732155554079903,11,6,10
mag_moment_mean,2.2059562553516017,1,7,1
melting_point_mean,0.8774376795561462,2,7,1
avg_d_valence_electrons,0.6475658045635975,3,7,1
VEC,0.6398752141779775,4,7,1
dHmix,0.5640928036252342,5,7,1
dX,0.420285631339502,6,7,1
nunfilled_mean,0.3393748011982571,7,7,1
electronegativity_range,0.3100271845962051,8,7,1
sigma,0.26256116592826545,9,7,1
dSmix,0.20435629473657405,10,7,1
bandgap_mean,0.035599913491757035,11,7,1
avg_d_valence_electrons,1.4215345307388318,1,7,2
mag_moment_mean,1.3181140658000012,2,7,2
electronegativity_range,0.7480839986146058,3,7,2
melting_point_mean,0.7122192526055419,4,7,2
nunfilled_mean,0.3916992953225724,5,7,2
sigma,0.386135879138281,6,7,2
dSmix,0.3428420874929273,7,7,2
dHmix,0.3209446563228793,8,7,2
VEC,0.29331856403961687,9,7,2
dX,0.2596862123999468,10,7,2
bandgap_mean,0.06487451409779385,11,7,2
mag_moment_mean,1.4453212175688541,1,7,3
avg_d_valence_electrons,1.31771009076119,2,7,3
dSmix,0.8340669410122264,3,7,3
melting_point_mean,0.5875464721931618,4,7,3
dHmix,0.4874717217407931,5,7,3
electronegativity_range,0.39067460392764236,6,7,3
nunfilled_mean,0.38572306173791526,7,7,3
sigma,0.35908098702195795,8,7,3
dX,0.3260628177222203,9,7,3
VEC,0.2163957887701579,10,7,3
bandgap_mean,0.03453814058789801,11,7,3
mag_moment_mean,1.8659355026884636,1,7,4
avg_d_valence_electrons,1.2825760624939888,2,7,4
melting_point_mean,0.9604918253685344,3,7,4
dHmix,0.4229809601294857,4,7,4
dSmix,0.39676085776407877,5,7,4
electronegativity_range,0.3894814018905335,6,7,4
dX,0.38610144792306633,7,7,4
sigma,0.18660068300479843,8,7,4
VEC,0.18404092580974316,9,7,4
nunfilled_mean,0.16145052360134612,10,7,4
bandgap_mean,0.0693959221005814,11,7,4
mag_moment_mean,1.683480016178905,1,7,5
avg_d_valence_electrons,1.401207720616291,2,7,5
melting_point_mean,1.1200441126310754,3,7,5
dSmix,0.8334217553604778,4,7,5
dX,0.3375328961781023,5,7,5
VEC,0.2742457701261508,6,7,5
nunfilled_mean,0.2628861894306341,7,7,5
dHmix,0.20794824402733098,8,7,5
sigma,0.1607863813318666,9,7,5
electronegativity_range,0.09701059677580591,10,7,5
bandgap_mean,0.017741720764144927,11,7,5
avg_d_valence_electrons,1.780695335512948,1,7,6
mag_moment_mean,1.2690632312843628,2,7,6
melting_point_mean,1.12387175205579,3,7,6
electronegativity_range,0.5226740194548999,4,7,6
dHmix,0.35455835572161126,5,7,6
dSmix,0.31522871975757877,6,7,6
VEC,0.30524956817391646,7,7,6
sigma,0.29258299029738555,8,7,6
dX,0.28741670920553397,9,7,6
nunfilled_mean,0.2660639728655102,10,7,6
bandgap_mean,0.019493831947476996,11,7,6
mag_moment_mean,1.1482196830964893,1,7,7
VEC,0.9520882676855301,2,7,7
melting_point_mean,0.7680666665944655,3,7,7
sigma,0.7575117996849,4,7,7
dHmix,0.6694358603533607,5,7,7
avg_d_valence_electrons,0.6205224886468719,6,7,7
nunfilled_mean,0.5762174210160598,7,7,7
dSmix,0.453639685633249,8,7,7
electronegativity_range,0.24847122406901972,9,7,7
dX,0.2445272073853573,10,7,7
bandgap_mean,0.02906974077632965,11,7,7
mag_moment_mean,1.418718569683126,1,7,8
electronegativity_range,0.9062811950440273,2,7,8
avg_d_valence_electrons,0.8530533655527646,3,7,8
melting_point_mean,0.7742807795258491,4,7,8
dHmix,0.7616137896130861,5,7,8
dSmix,0.5646857942129289,6,7,8
dX,0.5147654804775784,7,7,8
VEC,0.4435033572619833,8,7,8
nunfilled_mean,0.25744719207034833,9,7,8
sigma,0.07962782996701687,10,7,8
bandgap_mean,0.020355224265837017,11,7,8
mag_moment_mean,1.6582179418156413,1,7,9
avg_d_valence_electrons,1.3731680920302154,2,7,9
melting_point_mean,1.1523026462272326,3,7,9
dX,0.5991982045019777,4,7,9
dHmix,0.4606629679070005,5,7,9
nunfilled_mean,0.41337716091380805,6,7,9
electronegativity_range,0.35635103032506604,7,7,9
VEC,0.31468364442558683,8,7,9
dSmix,0.2619599738799546,9,7,9
sigma,0.0920544610121498,10,7,9
bandgap_mean,0.013315926984364535,11,7,9
mag_moment_mean,1.3832320414552906,1,7,10
avg_d_valence_electrons,1.3806259035502786,2,7,10
melting_point_mean,1.1882454827476745,3,7,10
dSmix,0.605516254625102,4,7,10
dHmix,0.37965327006278915,5,7,10
sigma,0.31747737946657356,6,7,10
VEC,0.3118246177681336,7,7,10
dX,0.3003524505996754,8,7,10
electronegativity_range,0.26409438661408724,9,7,10
nunfilled_mean,0.25586190141752424,10,7,10
bandgap_mean,0.0011288450210145354,11,7,10
mag_moment_mean,2.177166643023563,1,8,1
melting_point_mean,0.8907239341907021,2,8,1
VEC,0.7235239605011546,3,8,1
avg_d_valence_electrons,0.6214171656824278,4,8,1
dHmix,0.5325383907732717,5,8,1
dSmix,0.4911848922443266,6,8,1
electronegativity_range,0.3225976090683267,7,8,1
dX,0.2966689649237285,8,8,1
nunfilled_mean,0.28281278262798526,9,8,1
sigma,0.22557865917468098,10,8,1
bandgap_mean,0.021889985978518944,11,8,1
avg_d_valence_electrons,1.411085255154219,1,8,2
mag_moment_mean,1.2501328981049953,2,8,2
melting_point_mean,0.9107000174000109,3,8,2
dX,0.5123499309834673,4,8,2
dHmix,0.42769481256206765,5,8,2
electronegativity_range,0.4158289756804891,6,8,2
nunfilled_mean,0.41297520314589753,7,8,2
dSmix,0.3960974642570362,8,8,2
sigma,0.24750502284992523,9,8,2
VEC,0.22628894070460998,10,8,2
bandgap_mean,0.025828010390049377,11,8,2
mag_moment_mean,1.6690673934785532,1,8,3
avg_d_valence_electrons,1.390683701996003,2,8,3
melting_point_mean,1.2183992911200623,3,8,3
dSmix,0.627149766837863,4,8,3
dX,0.3820122975896508,5,8,3
VEC,0.3003511044921723,6,8,3
electronegativity_range,0.235743227234808,7,8,3
dHmix,0.22691932385422728,8,8,3
nunfilled_mean,0.1798066763548484,9,8,3
sigma,0.1643519274684289,10,8,3
bandgap_mean,0.026639163486660344,11,8,3
mag_moment_mean,2.076623908739314,1,8,4
melting_point_mean,1.1070000036904437,2,8,4
avg_d_valence_electrons,0.7849990732950767,3,8,4
dHmix,0.5495586504321605,4,8,4
VEC,0.4813008603736554,5,8,4
dX,0.35812380640923847,6,8,4
nunfilled_mean,0.32065896578790626,7,8,4
sigma,0.2625497707787444,8,8,4
electronegativity_range,0.2450813276419228,9,8,4
dSmix,0.12759427200859544,10,8,4
bandgap_mean,0.00821105801727045,11,8,4
mag_moment_mean,1.5053913335100289,1,8,5
melting_point_mean,1.2860430134728504,2,8,5
avg_d_valence_electrons,0.8975489113270051,3,8,5
dSmix,0.5167644997117126,4,8,5
nunfilled_mean,0.5043582211091026,5,8,5
electronegativity_range,0.3776623254360229,6,8,5
dHmix,0.36404050446848113,7,8,5
dX,0.32961594823761686,8,8,5
sigma,0.3098028725335376,9,8,5
VEC,0.2849600901802866,10,8,5
bandgap_mean,0.03733726913643696,11,8,5
mag_moment_mean,1.5381392617274738,1,8,6
avg_d_valence_electrons,1.5135000768445814,2,8,6
melting_point_mean,0.8721782050576548,3,8,6
nunfilled_mean,0.5181033461570004,4,8,6
dSmix,0.43375809548583455,5,8,6
dHmix,0.4134682479495438,6,8,6
dX,0.38564277866493024,7,8,6
VEC,0.31989625364134944,8,8,6
sigma,0.2512055709173859,9,8,6
electronegativity_range,0.060226202779539675,10,8,6
bandgap_mean,0.035578751623538594,11,8,6
mag_moment_mean,1.7352749712131545,1,8,7
avg_d_valence_electrons,1.3929682599728588,2,8,7
dHmix,0.7690926334110697,3,8,7
dSmix,0.7164919372529558,4,8,7
electronegativity_range,0.5826473829865477,5,8,7
melting_point_mean,0.267980879942273,6,8,7
dX,0.26058615867056684,7,8,7
sigma,0.24878776545728984,8,8,7
VEC,0.24865698378464968,9,8,7
nunfilled_mean,0.18039473474728143,10,8,7
bandgap_mean,0.03624422009619701,11,8,7
mag_moment_mean,1.3967686956654037,1,8,8
avg_d_valence_electrons,1.35323312579995,2,8,8
electronegativity_range,0.8987140883300955,3,8,8
melting_point_mean,0.7714792707148725,4,8,8
dHmix,0.5429756089631167,5,8,8
dX,0.3630375525593984,6,8,8
VEC,0.29322984225151155,7,8,8
nunfilled_mean,0.2841165581728358,8,8,8
dSmix,0.27741700732133645,9,8,8
sigma,0.12822844467812247,10,8,8
bandgap_mean,0.08545054698287666,11,8,8
mag_moment_mean,1.7119433546239928,1,8,9
melting_point_mean,1.1289224382223872,2,8,9
avg_d_valence_electrons,1.1117483918705526,3,8,9
sigma,0.9172911997776241,4,8,9
nunfilled_mean,0.5427031022688004,5,8,9
dHmix,0.3607729543426035,6,8,9
dSmix,0.3445076585414613,7,8,9
dX,0.1932813651511572,8,8,9
VEC,0.1929174433735769,9,8,9
electronegativity_range,0.0678284913785109,10,8,9
bandgap_mean,0.015839226867942605,11,8,9
avg_d_valence_electrons,1.8379668574665904,1,8,10
mag_moment_mean,1.0199950141573284,2,8,10
melting_point_mean,0.9974781780497536,3,8,10
dSmix,0.8315655112911796,4,8,10
electronegativity_range,0.44911698574436115,5,8,10
dHmix,0.3129408089744933,6,8,10
nunfilled_mean,0.3003984948993654,7,8,10
sigma,0.2742253497300146,8,8,10
dX,0.24690854716775543,9,8,10
VEC,0.23078710700410274,10,8,10
bandgap_mean,0.04711687094162389,11,8,10
mag_moment_mean,2.27497268340339,1,9,1
melting_point_mean,0.814870243290439,2,9,1
dHmix,0.7354647268867409,3,9,1
avg_d_valence_electrons,0.625389132141921,4,9,1
electronegativity_range,0.5248208352065741,5,9,1
dX,0.47177274989221607,6,9,1
VEC,0.408336922672262,7,9,1
nunfilled_mean,0.3184792930047472,8,9,1
dSmix,0.2089286564252673,9,9,1
sigma,0.1021291679781732,10,9,1
bandgap_mean,0.015402044428847265,11,9,1
avg_d_valence_electrons,1.4797634491379186,1,9,2
mag_moment_mean,1.3524874783642873,2,9,2
melting_point_mean,0.9455162273454366,3,9,2
VEC,0.47777180749452225,4,9,2
dSmix,0.3919781465955278,5,9,2
dHmix,0.31974379941438147,6,9,2
electronegativity_range,0.3127078033951499,7,9,2
sigma,0.3113191881616045,8,9,2
nunfilled_mean,0.310158330266246,9,9,2
dX,0.30425084289972415,10,9,2
bandgap_mean,0.014316014819630171,11,9,2
mag_moment_mean,1.3899243107551713,1,9,3
avg_d_valence_electrons,1.3864910993042288,2,9,3
melting_point_mean,1.2187264947190783,3,9,3
dSmix,0.566952681077522,4,9,3
dHmix,0.4492207822991956,5,9,3
dX,0.3526818762793312,6,9,3
nunfilled_mean,0.31230327083071624,7,9,3
sigma,0.3023890464599684,8,9,3
VEC,0.2901970984393715,9,9,3
electronegativity_range,0.19484789464918195,10,9,3
bandgap_mean,0.007683810218715814,11,9,3
avg_d_valence_electrons,1.5023406215997253,1,9,4
mag_moment_mean,1.3938104423988702,2,9,4
melting_point_mean,0.9430266923083659,3,9,4
dHmix,0.6228531045991249,4,9,4
electronegativity_range,0.45008239058981653,5,9,4
sigma,0.42864307767946896,6,9,4
nunfilled_mean,0.2732374301230955,7,9,4
dSmix,0.22829492106680052,8,9,4
dX,0.22585804347242774,9,9,4
VEC,0.21664405320808788,10,9,4
bandgap_mean,0.031625594015584284,11,9,4
avg_d_valence_electrons,1.7464026203451122,1,9,5
mag_moment_mean,1.261793938166725,2,9,5
dSmix,0.9975584803120122,3,9,5
melting_point_mean,0.761312204837157,4,9,5
electronegativity_range,0.6883222780622367,5,9,5
VEC,0.4171620250306353,6,9,5
dHmix,0.3784401590634431,7,9,5
dX,0.25119147701080174,8,9,5
sigma,0.22868437590751553,9,9,5
nunfilled_mean,0.1443534111224177,10,9,5
bandgap_mean,0.006771061232531357,11,9,5
melting_point_mean,1.3945208474872501,1,9,6
mag_moment_mean,1.1605470307127579,2,9,6
avg_d_valence_electrons,1.1517046132897382,3,9,6
dSmix,0.739680593639568,4,9,6
dHmix,0.576788723644422,5,9,6
dX,0.4796075359237875,6,9,6
nunfilled_mean,0.4637305072797888,7,9,6
electronegativity_range,0.4536688158161387,8,9,6
VEC,0.2764480324833658,9,9,6
sigma,0.1849876164859098,10,9,6
bandgap_mean,0.1082048238037002,11,9,6
avg_d_valence_electrons,1.447375590132473,1,9,7
mag_moment_mean,1.2890887007706078,2,9,7
melting_point_mean,1.1815031249196581,3,9,7
electronegativity_range,0.6548811880943155,4,9,7
dSmix,0.5081050124791043,5,9,7
sigma,0.4099925957429489,6,9,7
nunfilled_mean,0.3714833295489185,7,9,7
VEC,0.18104092199566496,8,9,7
dX,0.1743855813547216,9,9,7
dHmix,0.17118649900672359,10,9,7
bandgap_mean,0.0015297963780685228,11,9,7
mag_moment_mean,2.190374052982272,1,9,8
avg_d_valence_electrons,1.1673505749574062,2,9,8
melting_point_mean,0.8835171019226976,3,9,8
dHmix,0.4268074325038546,4,9,8
dSmix,0.41214313389004587,5,9,8
VEC,0.3283984850643351,6,9,8
nunfilled_mean,0.24122948848094108,7,9,8
sigma,0.19110356887607902,8,9,8
dX,0.14259753727531263,9,9,8
electronegativity_range,0.02767696503671029,10,9,8
bandgap_mean,0.012496953225489037,11,9,8
avg_d_valence_electrons,1.4872356481515019,1,9,9
mag_moment_mean,1.4404618695346516,2,9,9
melting_point_mean,0.7644824404564311,3,9,9
dX,0.6097878891109746,4,9,9
dHmix,0.46569432497937935,5,9,9
dSmix,0.4006172800371006,6,9,9
sigma,0.39669008330258676,7,9,9
nunfilled_mean,0.2557662406030773,8,9,9
electronegativity_range,0.18022113759246075,9,9,9
VEC,0.16921467912526209,10,9,9
bandgap_mean,0.02468743564247589,11,9,9
mag_moment_mean,1.595155896445373,1,9,10
avg_d_valence_electrons,1.2308712118018206,2,9,10
melting_point_mean,1.161459016860123,3,9,10
dSmix,0.7704412470119053,4,9,10
electronegativity_range,0.5791093244571595,5,9,10
VEC,0.3111961545655496,6,9,10
nunfilled_mean,0.30800432514713233,7,9,10
dHmix,0.25430585756603585,8,9,10
dX,0.2265415129771237,9,9,10
sigma,0.1842327129099741,10,9,10
bandgap_mean,0.010304605354191016,11,9,10
