feature_set,model,fold,n_train,n_test,n_train_references,n_test_references,inner_best_r2,r2,rmse,mae
hea,DummyMean,1,126,15,37,5,,-0.13136125452123903,110.4014566600145,96.58412698412698
hea,DummyMean,2,127,14,36,6,,-0.010667539304584306,156.93050513094192,116.6209223847019
hea,DummyMean,3,122,19,40,2,,-0.011936870691040102,178.85245430413866,140.30207075064712
hea,DummyMean,4,127,14,38,4,,-0.0019371258650850987,96.49898630595706,82.69190101237346
hea,DummyMean,5,127,14,38,4,,-0.000925877865647351,111.32401022016353,100.7142857142857
hea,DummyMean,6,127,14,37,5,,-0.07997116281031569,134.19974254644913,122.793025871766
hea,DummyMean,7,127,14,38,4,,-0.03952398651768374,242.1105680113294,178.71428571428572
hea,DummyMean,8,128,13,38,4,,-0.008096640393017607,137.70864087498146,125.42788461538461
hea,DummyMean,9,129,12,38,4,,-0.002507165577931625,144.97403982169436,134.19444444444443
hea,DummyMean,10,129,12,38,4,,-0.0665755718454013,112.50619917619532,103.24031007751937
hea,Ridge,1,126,15,37,5,0.3580911242703416,-3.099594717177861,210.1573653611023,96.70874128665021
hea,Ridge,2,127,14,36,6,0.2767246635191898,0.47346594350761395,113.27040346739233,88.00354587276891
hea,Ridge,3,122,19,40,2,0.3278752853320923,-0.21081638779955947,195.6398581466539,161.01686928553306
hea,Ridge,4,127,14,38,4,0.2699312655095186,0.5920047161542366,61.5786392965917,50.74878853657226
hea,Ridge,5,127,14,38,4,0.251335417676043,0.7849165749354488,51.604949283363624,42.255010990998876
hea,Ridge,6,127,14,37,5,0.24761161120062142,0.6918071086801051,71.68972454192782,51.19525634973284
hea,Ridge,7,127,14,38,4,0.3359120115216397,0.27772438844834213,201.81245451388526,163.30963767430873
hea,Ridge,8,128,13,38,4,0.2906688690368605,0.41793422555818427,104.6396166744316,86.69377359959763
hea,Ridge,9,129,12,38,4,0.32414219948662015,0.5542998124518375,96.6646998398316,73.72316551158234
hea,Ridge,10,129,12,38,4,0.4078700212792115,-0.4634909130540916,131.7879346363701,109.43407273144362
hea,RandomForest,1,126,15,37,5,0.5262899130797688,0.5409086816329836,70.32725928933056,58.85358664364301
hea,RandomForest,2,127,14,36,6,0.47557233662933046,0.8199198146463123,66.24241826641892,50.33307669923907
hea,RandomForest,3,122,19,40,2,0.46550234821452496,0.514475225928323,123.88647374309366,81.23226395414747
hea,RandomForest,4,127,14,38,4,0.5516611217134877,0.018616252000826283,95.5040848547271,83.06890008503403
hea,RandomForest,5,127,14,38,4,0.5740133680009466,0.8828746679347131,38.08143465077828,23.333840205492073
hea,RandomForest,6,127,14,37,5,0.5393925633600728,0.8537210096593055,49.38972182302668,30.278359268707494
hea,RandomForest,7,127,14,38,4,0.7443385247198544,0.05931146851193925,230.3135098567908,157.11616462585033
hea,RandomForest,8,128,13,38,4,0.570095266201893,0.6707714369615834,78.69712404715962,64.84156606719101
hea,RandomForest,9,129,12,38,4,0.5489422803932593,0.9177409896843255,41.52773440855474,33.06392123015874
hea,RandomForest,10,129,12,38,4,0.5806743434285897,0.2281878031061706,95.70540279990938,80.0643618882274
hea,GradientBoosting,1,126,15,37,5,0.6030202214939753,0.906485140609671,31.74055128090623,23.30250273072234
hea,GradientBoosting,2,127,14,36,6,0.47514129818174045,0.9365666657140699,39.31533531892321,29.028198713571925
hea,GradientBoosting,3,122,19,40,2,0.5225402943806434,0.6778830564804263,100.90785602544715,62.89035998053735
hea,GradientBoosting,4,127,14,38,4,0.6239569944934678,-0.369890075494437,112.83540089376775,98.90698764325978
hea,GradientBoosting,5,127,14,38,4,0.6328505736139262,0.8854247213257372,37.66459872152976,21.00636334786002
hea,GradientBoosting,6,127,14,37,5,0.5713925561265718,0.6062078978929335,81.03620677156198,45.25477118064485
hea,GradientBoosting,7,127,14,38,4,0.8290260153353071,0.19326134825748875,213.28628098549007,132.14392191324347
hea,GradientBoosting,8,128,13,38,4,0.641036895068772,0.6440441553351168,81.82917496281392,64.68107316857146
hea,GradientBoosting,9,129,12,38,4,0.6254665441516609,0.965996166649867,26.699949370645395,21.456870134170853
hea,GradientBoosting,10,129,12,38,4,0.6248265185421513,0.4368999026482814,81.74730386171927,70.8021590467906
hea,SVR,1,126,15,37,5,0.5586306600211357,-0.04332747385588176,106.01918827063376,70.36060563408188
hea,SVR,2,127,14,36,6,0.38380241346501004,0.348970502761774,125.95155892246468,74.48658015628487
hea,SVR,3,122,19,40,2,0.39291544386623356,0.2524596675613393,153.72181685103982,114.38329233276521
hea,SVR,4,127,14,38,4,0.5360228550050627,-1.1442430017646394,141.1690581655643,129.45777306077295
hea,SVR,5,127,14,38,4,0.44713281113104986,0.9359066201942399,28.170494496255767,20.980183646895487
hea,SVR,6,127,14,37,5,0.4752249325696475,0.9497707821476261,28.941684899051857,20.919192792822223
hea,SVR,7,127,14,38,4,0.6171582042194255,-0.1715229095908437,257.0229370527868,154.8090542466558
hea,SVR,8,128,13,38,4,0.5480214239762675,0.7217553462672923,72.34749900907562,40.280407790830196
hea,SVR,9,129,12,38,4,0.3993958343595996,0.8727657107390072,51.647414145606774,46.74297948555332
hea,SVR,10,129,12,38,4,0.5552344808168153,0.13439281109183066,101.35403989805226,80.32184131561966
hea,XGBoost,1,126,15,37,5,0.5382445277825617,0.8198210308636988,44.05814437998459,27.90249048868815
hea,XGBoost,2,127,14,36,6,0.45166151705800467,0.9034860337236787,48.49514875045228,38.10524422781808
hea,XGBoost,3,122,19,40,2,0.5104372854972403,0.5203105960106222,123.13974694275718,80.79983713250412
hea,XGBoost,4,127,14,38,4,0.5596129582308269,0.39925442992049776,74.72188256060475,64.7128904070173
hea,XGBoost,5,127,14,38,4,0.5978992339635653,0.8027576601075855,49.418317657691404,30.961382729666575
hea,XGBoost,6,127,14,37,5,0.5030401322603771,0.7959739090897493,58.32952736271905,38.44189965384347
hea,XGBoost,7,127,14,38,4,0.8033998648464322,0.2522502633396402,205.3405039410215,145.1665984562465
hea,XGBoost,8,128,13,38,4,0.6411692644067838,0.6042820538028195,86.27857856397499,70.167725783128
hea,XGBoost,9,129,12,38,4,0.6214503352188012,0.9453678773896635,33.843131038056725,28.675504048665363
hea,XGBoost,10,129,12,38,4,0.6076267657213237,0.6253571035691121,66.6790475853383,52.08762296040853
hea,LightGBM,1,126,15,37,5,0.6061948240924283,0.8999259865287046,32.834832988715256,28.572858599897405
hea,LightGBM,2,127,14,36,6,0.5193958849300773,0.8386339061443623,62.70603740635658,47.453191171861874
hea,LightGBM,3,122,19,40,2,0.6274179320381796,0.6359822415706587,107.2702961500051,69.04755237269097
hea,LightGBM,4,127,14,38,4,0.5584246278974293,-0.0721174324885141,99.82140892523158,90.71685007042974
hea,LightGBM,5,127,14,38,4,0.6162336438093325,0.8606444689182807,41.538421516167574,27.90760189679563
hea,LightGBM,6,127,14,37,5,0.46122591800557966,0.8640059889889176,47.62176577075021,32.45422355017135
hea,LightGBM,7,127,14,38,4,0.8104088522150656,0.2548450723203659,204.98391242177053,120.62983788986271
hea,LightGBM,8,128,13,38,4,0.6643837021577153,0.7979220057280743,61.65518704572696,42.95825699673866
hea,LightGBM,9,129,12,38,4,0.619670525014161,0.8561688456642563,54.91272316951581,49.940677008951674
hea,LightGBM,10,129,12,38,4,0.6331613463976141,0.45709519460958836,80.26800694765497,63.683403292993965
matminer,DummyMean,1,126,15,37,5,,-0.13136125452123903,110.4014566600145,96.58412698412698
matminer,DummyMean,2,127,14,36,6,,-0.010667539304584306,156.93050513094192,116.6209223847019
matminer,DummyMean,3,122,19,40,2,,-0.011936870691040102,178.85245430413866,140.30207075064712
matminer,DummyMean,4,127,14,38,4,,-0.0019371258650850987,96.49898630595706,82.69190101237346
matminer,DummyMean,5,127,14,38,4,,-0.000925877865647351,111.32401022016353,100.7142857142857
matminer,DummyMean,6,127,14,37,5,,-0.07997116281031569,134.19974254644913,122.793025871766
matminer,DummyMean,7,127,14,38,4,,-0.03952398651768374,242.1105680113294,178.71428571428572
matminer,DummyMean,8,128,13,38,4,,-0.008096640393017607,137.70864087498146,125.42788461538461
matminer,DummyMean,9,129,12,38,4,,-0.002507165577931625,144.97403982169436,134.19444444444443
matminer,DummyMean,10,129,12,38,4,,-0.0665755718454013,112.50619917619532,103.24031007751937
matminer,Ridge,1,126,15,37,5,0.38379794802910905,-94.42789068225149,1013.9389697497595,385.8641161849431
matminer,Ridge,2,127,14,36,6,0.0763305586098596,0.2086547225108465,138.86289704388884,101.67808528372052
matminer,Ridge,3,122,19,40,2,0.10758462374074866,-0.06224221416071041,183.24408820415636,152.30713604253532
matminer,Ridge,4,127,14,38,4,0.06271340864148374,0.1920688178318959,86.65421685227565,69.43399271662769
matminer,Ridge,5,127,14,38,4,0.07093865879699437,0.6597884415205798,64.90264795937487,51.311997856055186
matminer,Ridge,6,127,14,37,5,0.051605605706342296,0.24641123017361788,112.10185832554498,100.74136720589941
matminer,Ridge,7,127,14,38,4,0.028145919835768286,0.06633663314261573,229.45189496827263,169.57466212256776
matminer,Ridge,8,128,13,38,4,0.029107601657904204,0.12348228121987292,128.4075199674497,114.50427228750472
matminer,Ridge,9,129,12,38,4,0.10092912183674088,0.2692677578269391,123.77291904239492,104.35904785989578
matminer,Ridge,10,129,12,38,4,0.08947905286257325,-0.17489853910123254,118.0812164780027,111.00176982399633
matminer,RandomForest,1,126,15,37,5,0.5383857582275666,0.5836195997608964,66.97601316476701,60.138314561036594
matminer,RandomForest,2,127,14,36,6,0.5180659253093891,0.6407235440264659,93.56589864249663,70.38085985029122
matminer,RandomForest,3,122,19,40,2,0.39964688321920605,0.6695944620790633,102.19787204854137,67.20192134502923
matminer,RandomForest,4,127,14,38,4,0.5498022389748727,0.5235817007683201,66.54213541553102,54.55673911564628
matminer,RandomForest,5,127,14,38,4,0.5195245777938116,0.8981251208114902,35.51578653851859,30.139364961859947
matminer,RandomForest,6,127,14,37,5,0.5250698200789232,0.8538583443001456,49.366531505391656,37.08695732390114
matminer,RandomForest,7,127,14,38,4,0.7212586464429827,0.22160196364450369,209.50642925930026,126.70156737275856
matminer,RandomForest,8,128,13,38,4,0.5587489349531564,0.7093026592848314,73.9487160297737,58.0925422924109
matminer,RandomForest,9,129,12,38,4,0.5076621601723448,0.9037320888188599,44.92491588260917,36.36729843600697
matminer,RandomForest,10,129,12,38,4,0.5478061715168265,0.4754518213169805,78.89933239315917,69.32528964230217
matminer,GradientBoosting,1,126,15,37,5,0.5115000815835457,0.4197432538156125,79.06499577165033,59.27538603138383
matminer,GradientBoosting,2,127,14,36,6,0.4185998363445934,0.5556248729036686,104.05862553636793,75.65175793101825
matminer,GradientBoosting,3,122,19,40,2,0.4205011450875107,0.6788297016307703,100.7594716889591,63.298879666343794
matminer,GradientBoosting,4,127,14,38,4,0.6346921192687257,0.32984428603753435,78.92060012222582,62.688582055328524
matminer,GradientBoosting,5,127,14,38,4,0.46891732893214916,0.9192216290356667,31.625356440339647,19.9348172343957
matminer,GradientBoosting,6,127,14,37,5,0.5686040479946353,0.012858863439900392,128.3025323473089,72.86990301039641
matminer,GradientBoosting,7,127,14,38,4,0.6753229945043989,0.1052066706349547,224.62487996606777,136.66924046082966
matminer,GradientBoosting,8,128,13,38,4,0.5470153291867351,0.907607545180183,41.689660785037084,27.37229203391594
matminer,GradientBoosting,9,129,12,38,4,0.5473895749073752,0.9082269386201596,43.86358337801772,33.219459988663694
matminer,GradientBoosting,10,129,12,38,4,0.5095042128293856,0.5244520067066287,75.12384594615776,63.44569998063587
matminer,SVR,1,126,15,37,5,0.5871728089132084,-0.6781406777438461,134.45852266602608,103.24448502288881
matminer,SVR,2,127,14,36,6,0.5511078996877299,0.7596102029226045,76.53520141971018,57.39984722014263
matminer,SVR,3,122,19,40,2,0.4880629830454658,0.3547046125622789,142.82277746120783,95.26164968775
matminer,SVR,4,127,14,38,4,0.5802770335886203,0.583373423668813,62.226589869832694,49.76963483198319
matminer,SVR,5,127,14,38,4,0.5536228978826856,0.8741747104931378,39.470429558720205,25.559965211026615
matminer,SVR,6,127,14,37,5,0.5800805585879466,0.8425690991735125,51.23781406053375,38.18937367566745
matminer,SVR,7,127,14,38,4,0.7473056717538494,-0.009338550685770386,238.56949961364828,153.343492664797
matminer,SVR,8,128,13,38,4,0.5899044107490569,0.7479063673403401,68.86380991738075,40.89991215926081
matminer,SVR,9,129,12,38,4,0.5276549844183653,0.8713697122656322,51.9299756392634,42.78777341682124
matminer,SVR,10,129,12,38,4,0.5671389857421363,0.24763683320354124,94.49186038972185,85.77615594276055
matminer,XGBoost,1,126,15,37,5,0.556289398057763,0.6113674012794703,64.70588271290252,56.75160573323568
matminer,XGBoost,2,127,14,36,6,0.49880709271744356,0.5275744153461821,107.29263682714266,74.52474321637835
matminer,XGBoost,3,122,19,40,2,0.36622038133384105,0.3907576776620041,138.77563606972956,96.79911916632402
matminer,XGBoost,4,127,14,38,4,0.6315729937948735,0.32665986523259727,79.10788387881477,62.88313985552107
matminer,XGBoost,5,127,14,38,4,0.5124918893167995,0.8878311109837275,37.26697078403985,30.662081582205637
matminer,XGBoost,6,127,14,37,5,0.5328821618675668,0.528108165992001,88.7088264883886,54.25340363638741
matminer,XGBoost,7,127,14,38,4,0.7030736064119677,0.17286985790655052,215.96501953011904,129.96076338631767
matminer,XGBoost,8,128,13,38,4,0.6023461441478816,0.6908809757537708,76.2558164378404,56.031710404616135
matminer,XGBoost,9,129,12,38,4,0.5617373394236242,0.9227939605954792,40.232047501042125,36.00198805332184
matminer,XGBoost,10,129,12,38,4,0.5110859001447143,0.6259581610917504,66.62553792162443,53.11481030782064
matminer,LightGBM,1,126,15,37,5,0.5694303678281273,0.6304827800991364,63.09449864616634,55.55897888993568
matminer,LightGBM,2,127,14,36,6,0.5162172506281801,0.6369764358745111,94.0525602563576,67.84649415289891
matminer,LightGBM,3,122,19,40,2,0.316320681584604,0.30043700182825317,148.70706745423897,113.68233607890498
matminer,LightGBM,4,127,14,38,4,0.6592391639334697,0.35613243067522116,77.35720895228573,68.18692140891953
matminer,LightGBM,5,127,14,38,4,0.6004624185332375,0.864066916189238,41.0251774732168,30.36672834158671
matminer,LightGBM,6,127,14,37,5,0.5467416539969757,0.019610711421271354,127.86299764267108,72.95086274944086
matminer,LightGBM,7,127,14,38,4,0.6746419009910692,0.17930129475772572,215.12375170893634,141.55314259091296
matminer,LightGBM,8,128,13,38,4,0.6200132804753754,0.8083110499439814,60.04939657487366,53.873036650271324
matminer,LightGBM,9,129,12,38,4,0.5723548255278067,0.7781989663176634,68.19119186116166,60.47509725881249
matminer,LightGBM,10,129,12,38,4,0.5462357304587255,0.6016503942062068,68.75635299586138,59.31715658397503
combined,DummyMean,1,126,15,37,5,,-0.13136125452123903,110.4014566600145,96.58412698412698
combined,DummyMean,2,127,14,36,6,,-0.010667539304584306,156.93050513094192,116.6209223847019
combined,DummyMean,3,122,19,40,2,,-0.011936870691040102,178.85245430413866,140.30207075064712
combined,DummyMean,4,127,14,38,4,,-0.0019371258650850987,96.49898630595706,82.69190101237346
combined,DummyMean,5,127,14,38,4,,-0.000925877865647351,111.32401022016353,100.7142857142857
combined,DummyMean,6,127,14,37,5,,-0.07997116281031569,134.19974254644913,122.793025871766
combined,DummyMean,7,127,14,38,4,,-0.03952398651768374,242.1105680113294,178.71428571428572
combined,DummyMean,8,128,13,38,4,,-0.008096640393017607,137.70864087498146,125.42788461538461
combined,DummyMean,9,129,12,38,4,,-0.002507165577931625,144.97403982169436,134.19444444444443
combined,DummyMean,10,129,12,38,4,,-0.0665755718454013,112.50619917619532,103.24031007751937
combined,Ridge,1,126,15,37,5,0.4035044263833399,-109.93138890934628,1093.2044180143405,386.4074166042945
combined,Ridge,2,127,14,36,6,0.14917087644706775,0.22808468431704,137.14754659756824,95.18855726562484
combined,Ridge,3,122,19,40,2,0.18913985075496503,-0.12012939655298371,188.17082612371374,155.02055227520307
combined,Ridge,4,127,14,38,4,0.12477249630854034,0.21771329875211798,85.26788489627216,70.51378958696908
combined,Ridge,5,127,14,38,4,0.12598376620521554,0.708842872560113,60.041508728001126,47.1396719882626
combined,Ridge,6,127,14,37,5,0.10997237677772749,0.40569076811586,99.55242451134644,86.47282421869753
combined,Ridge,7,127,14,38,4,0.10690443940648715,0.14894538866788332,219.06611367861902,165.96094879864492
combined,Ridge,8,128,13,38,4,0.10590940211112924,0.2165368835227225,121.40019552091434,108.38828613638127
combined,Ridge,9,129,12,38,4,0.15778791710212495,0.3951034629807506,112.61261603343303,95.03681356391805
combined,Ridge,10,129,12,38,4,0.19524901854863735,-0.2521185482721715,121.89990333778597,113.92391484895512
combined,RandomForest,1,126,15,37,5,0.5365665919898538,0.5792512564531265,67.32642693524953,50.46211126984129
combined,RandomForest,2,127,14,36,6,0.482562615466548,0.7582393070903274,76.75312378548703,57.82903595610737
combined,RandomForest,3,122,19,40,2,0.3825148404259838,0.6431150825674832,106.21412880612742,67.49278001253131
combined,RandomForest,4,127,14,38,4,0.5116949787968248,0.39439519321021355,75.02347449514097,60.740519860146165
combined,RandomForest,5,127,14,38,4,0.473191787284319,0.9019736462890324,34.83848877828591,27.046542743764185
combined,RandomForest,6,127,14,37,5,0.5125127681370343,0.9337463185661543,33.23920367401118,27.877752822574248
combined,RandomForest,7,127,14,38,4,0.7278803832891039,0.1584284067670949,217.84220435084663,133.2522110528757
combined,RandomForest,8,128,13,38,4,0.5473502301880657,0.6024967728618615,86.47298238867275,66.10615904236953
combined,RandomForest,9,129,12,38,4,0.47378016610467755,0.9312957111070095,37.952328178532376,27.70424801587294
combined,RandomForest,10,129,12,38,4,0.5489683296781473,0.46373163422909014,79.77590252371489,72.4947168154762
combined,GradientBoosting,1,126,15,37,5,0.5794162381048281,0.7379515035542086,53.1330796689735,41.36148948058611
combined,GradientBoosting,2,127,14,36,6,0.4183072358129228,0.8101020421759904,68.02418719778993,49.788244444232696
combined,GradientBoosting,3,122,19,40,2,0.3585203983902761,0.6912662593516086,98.78937584807998,60.78320839227427
combined,GradientBoosting,4,127,14,38,4,0.5971346978372223,0.23424356651015021,84.36218969127584,69.39626148344166
combined,GradientBoosting,5,127,14,38,4,0.5733796863307145,0.9162761494417653,32.19678300640956,19.29076870213146
combined,GradientBoosting,6,127,14,37,5,0.5610331254801867,0.6509849874934848,76.29000741533449,50.53909624492735
combined,GradientBoosting,7,127,14,38,4,0.8061774825060801,0.10745869062405378,224.34203341826375,141.1307332965423
combined,GradientBoosting,8,128,13,38,4,0.5948312758856594,0.7631503832840764,66.74925939770104,51.67431441216109
combined,GradientBoosting,9,129,12,38,4,0.5486408760841079,0.9700274365793411,25.067351002004482,21.268847327898374
combined,GradientBoosting,10,129,12,38,4,0.5426581422815916,0.34892161816273903,87.90170002607974,78.18367116589634
combined,SVR,1,126,15,37,5,0.5717128195428048,-0.6261150213776205,132.3578743100041,89.68619056307857
combined,SVR,2,127,14,36,6,0.567419297104356,0.3840522547483304,122.51101808773448,72.37351894431852
combined,SVR,3,122,19,40,2,0.42670862960498307,0.39494148351208824,138.29831322960183,87.15668773066773
combined,SVR,4,127,14,38,4,0.49190478126437115,-0.7336987887693456,126.9373242557522,111.04651900826924
combined,SVR,5,127,14,38,4,0.4893983855532123,0.9184881378375195,31.768615702303126,16.942487060869595
combined,SVR,6,127,14,37,5,0.4741724409363311,0.8658729938548577,47.29374642329067,28.714135423317938
combined,SVR,7,127,14,38,4,0.6617118634169881,-0.10638769523947689,249.7756844306355,161.93763890901755
combined,SVR,8,128,13,38,4,0.5101711067401783,0.385213483357533,107.5405554651539,53.09074524562048
combined,SVR,9,129,12,38,4,0.4717885044348824,0.9209097709691312,40.72001364859845,30.53742582034141
combined,SVR,10,129,12,38,4,0.5284564394577,-0.06737284601784643,112.54824098406975,97.56443604708029
combined,XGBoost,1,126,15,37,5,0.5523484182696663,0.5831472174001621,67.01399444209582,49.821712239583334
combined,XGBoost,2,127,14,36,6,0.45329598662661574,0.5550031678439743,104.13139194288107,73.60906219482422
combined,XGBoost,3,122,19,40,2,0.3328155167538212,0.3527394450827681,143.04008671278584,101.25639054147821
combined,XGBoost,4,127,14,38,4,0.6086346966288364,0.041770845517558164,94.37070657724487,81.2694535119193
combined,XGBoost,5,127,14,38,4,0.5328736747507196,0.9330389589507707,28.793799900022503,17.48233985900879
combined,XGBoost,6,127,14,37,5,0.4931376050553483,0.7161573308975007,68.79936725935521,47.339516448974614
combined,XGBoost,7,127,14,38,4,0.8155832769329896,0.1608159686745667,217.53297268820506,134.42778778076172
combined,XGBoost,8,128,13,38,4,0.594577962286576,0.7067624424940994,74.27110836244168,58.896360837496246
combined,XGBoost,9,129,12,38,4,0.5270105831217876,0.9687289735675075,25.604574709969896,17.241162300109863
combined,XGBoost,10,129,12,38,4,0.5114352947297538,0.622021314862322,66.97524202783617,57.88031133015951
combined,LightGBM,1,126,15,37,5,0.5829236709119238,0.755676919792578,51.304611150438795,38.30784697461639
combined,LightGBM,2,127,14,36,6,0.4690679567929504,0.7349291042855561,80.36819912873034,59.9764962422549
combined,LightGBM,3,122,19,40,2,0.3801017366043352,0.6301218954062564,108.13032438246091,72.86182924191498
combined,LightGBM,4,127,14,38,4,0.5619357098273013,0.724539215632729,50.59788999156086,39.66781338918133
combined,LightGBM,5,127,14,38,4,0.47728028975231884,0.6694340787407842,63.975976474943295,52.75850483217522
combined,LightGBM,6,127,14,37,5,0.4363093467418039,0.923464230248824,35.72546006798053,28.923434079609653
combined,LightGBM,7,127,14,38,4,0.7651264304640053,0.1538956630552497,218.42807065269452,128.66450161564268
combined,LightGBM,8,128,13,38,4,0.6022759156718762,0.6383411014719488,82.48209551056277,57.01770978165258
combined,LightGBM,9,129,12,38,4,0.5125438631077126,0.9771408512657183,21.891550642680983,17.36701851098243
combined,LightGBM,10,129,12,38,4,0.5735097512261033,0.2440644063561399,94.71593136315758,71.35073852630681
