feature_set,model,fold,regressor__alpha,regressor__fit_intercept,regressor__max_depth,regressor__max_features,regressor__min_samples_leaf,regressor__min_samples_split,regressor__n_estimators,regressor__learning_rate,regressor__subsample,regressor__C,regressor__epsilon,regressor__gamma,regressor__colsample_bytree,regressor__min_child_weight,regressor__reg_lambda,regressor__min_child_samples,regressor__num_leaves
hea,DummyMean,1,,,,,,,,,,,,,,,,,
hea,DummyMean,2,,,,,,,,,,,,,,,,,
hea,DummyMean,3,,,,,,,,,,,,,,,,,
hea,DummyMean,4,,,,,,,,,,,,,,,,,
hea,DummyMean,5,,,,,,,,,,,,,,,,,
hea,DummyMean,6,,,,,,,,,,,,,,,,,
hea,DummyMean,7,,,,,,,,,,,,,,,,,
hea,DummyMean,8,,,,,,,,,,,,,,,,,
hea,DummyMean,9,,,,,,,,,,,,,,,,,
hea,DummyMean,10,,,,,,,,,,,,,,,,,
hea,Ridge,1,1e-05,True,,,,,,,,,,,,,,,
hea,Ridge,2,20.0,True,,,,,,,,,,,,,,,
hea,Ridge,3,7.0,True,,,,,,,,,,,,,,,
hea,Ridge,4,7.0,True,,,,,,,,,,,,,,,
hea,Ridge,5,1.0,True,,,,,,,,,,,,,,,
hea,Ridge,6,20.0,True,,,,,,,,,,,,,,,
hea,Ridge,7,20.0,True,,,,,,,,,,,,,,,
hea,Ridge,8,20.0,True,,,,,,,,,,,,,,,
hea,Ridge,9,10.0,True,,,,,,,,,,,,,,,
hea,Ridge,10,20.0,True,,,,,,,,,,,,,,,
hea,RandomForest,1,,,5.0,0.6,3.0,2.0,600.0,,,,,,,,,,
hea,RandomForest,2,,,10.0,sqrt,3.0,5.0,200.0,,,,,,,,,,
hea,RandomForest,3,,,5.0,sqrt,1.0,3.0,600.0,,,,,,,,,,
hea,RandomForest,4,,,30.0,sqrt,1.0,3.0,200.0,,,,,,,,,,
hea,RandomForest,5,,,10.0,0.6,1.0,2.0,100.0,,,,,,,,,,
hea,RandomForest,6,,,30.0,sqrt,1.0,3.0,200.0,,,,,,,,,,
hea,RandomForest,7,,,,1.0,1.0,3.0,800.0,,,,,,,,,,
hea,RandomForest,8,,,20.0,sqrt,2.0,8.0,800.0,,,,,,,,,,
hea,RandomForest,9,,,30.0,sqrt,1.0,3.0,200.0,,,,,,,,,,
hea,RandomForest,10,,,30.0,0.6,1.0,3.0,800.0,,,,,,,,,,
hea,GradientBoosting,1,,,5.0,0.8,3.0,,800.0,0.05,0.6,,,,,,,,
hea,GradientBoosting,2,,,4.0,sqrt,2.0,,200.0,0.1,0.9,,,,,,,,
hea,GradientBoosting,3,,,4.0,sqrt,3.0,,200.0,0.1,0.9,,,,,,,,
hea,GradientBoosting,4,,,5.0,sqrt,2.0,,600.0,0.1,0.6,,,,,,,,
hea,GradientBoosting,5,,,4.0,sqrt,2.0,,800.0,0.05,0.6,,,,,,,,
hea,GradientBoosting,6,,,4.0,sqrt,2.0,,100.0,0.1,0.8,,,,,,,,
hea,GradientBoosting,7,,,3.0,sqrt,3.0,,400.0,0.1,1.0,,,,,,,,
hea,GradientBoosting,8,,,2.0,sqrt,3.0,,400.0,0.05,0.6,,,,,,,,
hea,GradientBoosting,9,,,5.0,sqrt,2.0,,600.0,0.1,0.6,,,,,,,,
hea,GradientBoosting,10,,,4.0,sqrt,3.0,,200.0,0.1,0.9,,,,,,,,
hea,SVR,1,,,,,,,,,,1000.0,0.05,scale,,,,,
hea,SVR,2,,,,,,,,,,30.0,0.2,0.3,,,,,
hea,SVR,3,,,,,,,,,,10.0,0.01,0.3,,,,,
hea,SVR,4,,,,,,,,,,1000.0,0.03,1.0,,,,,
hea,SVR,5,,,,,,,,,,1000.0,0.03,1.0,,,,,
hea,SVR,6,,,,,,,,,,1000.0,0.05,0.3,,,,,
hea,SVR,7,,,,,,,,,,500.0,0.2,0.3,,,,,
hea,SVR,8,,,,,,,,,,1000.0,0.03,1.0,,,,,
hea,SVR,9,,,,,,,,,,30.0,0.2,0.3,,,,,
hea,SVR,10,,,,,,,,,,1000.0,0.03,1.0,,,,,
hea,XGBoost,1,,,4.0,,,,800.0,0.03,0.6,,,,0.8,5.0,1.0,,
hea,XGBoost,2,,,6.0,,,,800.0,0.03,0.8,,,,0.6,5.0,2.0,,
hea,XGBoost,3,,,5.0,,,,600.0,0.1,0.8,,,,1.0,5.0,2.0,,
hea,XGBoost,4,,,4.0,,,,400.0,0.05,0.6,,,,1.0,5.0,0.5,,
hea,XGBoost,5,,,4.0,,,,400.0,0.05,0.8,,,,0.6,3.0,0.5,,
hea,XGBoost,6,,,4.0,,,,200.0,0.1,0.8,,,,0.6,5.0,1.0,,
hea,XGBoost,7,,,4.0,,,,400.0,0.05,0.6,,,,1.0,5.0,0.5,,
hea,XGBoost,8,,,2.0,,,,400.0,0.1,0.6,,,,1.0,5.0,1.0,,
hea,XGBoost,9,,,4.0,,,,800.0,0.03,0.6,,,,0.8,5.0,1.0,,
hea,XGBoost,10,,,6.0,,,,800.0,0.03,0.8,,,,0.6,5.0,2.0,,
hea,LightGBM,1,,,5.0,,,,400.0,0.05,0.8,,,,0.6,,,5.0,20.0
hea,LightGBM,2,,,3.0,,,,600.0,0.1,1.0,,,,1.0,,,10.0,20.0
hea,LightGBM,3,,,8.0,,,,800.0,0.03,1.0,,,,1.0,,,10.0,20.0
hea,LightGBM,4,,,3.0,,,,600.0,0.1,1.0,,,,1.0,,,10.0,20.0
hea,LightGBM,5,,,8.0,,,,800.0,0.03,1.0,,,,1.0,,,10.0,20.0
hea,LightGBM,6,,,8.0,,,,200.0,0.03,1.0,,,,0.6,,,5.0,15.0
hea,LightGBM,7,,,8.0,,,,400.0,0.1,1.0,,,,0.6,,,10.0,15.0
hea,LightGBM,8,,,5.0,,,,400.0,0.05,0.8,,,,0.6,,,5.0,20.0
hea,LightGBM,9,,,5.0,,,,400.0,0.05,0.8,,,,0.6,,,5.0,20.0
hea,LightGBM,10,,,-1.0,,,,800.0,0.03,0.8,,,,0.8,,,10.0,20.0
matminer,DummyMean,1,,,,,,,,,,,,,,,,,
matminer,DummyMean,2,,,,,,,,,,,,,,,,,
matminer,DummyMean,3,,,,,,,,,,,,,,,,,
matminer,DummyMean,4,,,,,,,,,,,,,,,,,
matminer,DummyMean,5,,,,,,,,,,,,,,,,,
matminer,DummyMean,6,,,,,,,,,,,,,,,,,
matminer,DummyMean,7,,,,,,,,,,,,,,,,,
matminer,DummyMean,8,,,,,,,,,,,,,,,,,
matminer,DummyMean,9,,,,,,,,,,,,,,,,,
matminer,DummyMean,10,,,,,,,,,,,,,,,,,
matminer,Ridge,1,10.0,True,,,,,,,,,,,,,,,
matminer,Ridge,2,300.0,True,,,,,,,,,,,,,,,
matminer,Ridge,3,300.0,True,,,,,,,,,,,,,,,
matminer,Ridge,4,500.0,True,,,,,,,,,,,,,,,
matminer,Ridge,5,200.0,True,,,,,,,,,,,,,,,
matminer,Ridge,6,500.0,True,,,,,,,,,,,,,,,
matminer,Ridge,7,1000.0,True,,,,,,,,,,,,,,,
matminer,Ridge,8,1000.0,True,,,,,,,,,,,,,,,
matminer,Ridge,9,300.0,True,,,,,,,,,,,,,,,
matminer,Ridge,10,500.0,True,,,,,,,,,,,,,,,
matminer,RandomForest,1,,,5.0,sqrt,1.0,3.0,600.0,,,,,,,,,,
matminer,RandomForest,2,,,10.0,sqrt,3.0,5.0,200.0,,,,,,,,,,
matminer,RandomForest,3,,,30.0,sqrt,1.0,3.0,200.0,,,,,,,,,,
matminer,RandomForest,4,,,30.0,0.6,1.0,3.0,100.0,,,,,,,,,,
matminer,RandomForest,5,,,5.0,sqrt,1.0,3.0,600.0,,,,,,,,,,
matminer,RandomForest,6,,,5.0,sqrt,1.0,3.0,600.0,,,,,,,,,,
matminer,RandomForest,7,,,5.0,sqrt,1.0,3.0,600.0,,,,,,,,,,
matminer,RandomForest,8,,,5.0,sqrt,1.0,3.0,600.0,,,,,,,,,,
matminer,RandomForest,9,,,5.0,sqrt,1.0,3.0,600.0,,,,,,,,,,
matminer,RandomForest,10,,,30.0,0.6,1.0,5.0,100.0,,,,,,,,,,
matminer,GradientBoosting,1,,,5.0,0.8,3.0,,100.0,0.03,0.6,,,,,,,,
matminer,GradientBoosting,2,,,5.0,0.8,3.0,,100.0,0.01,0.6,,,,,,,,
matminer,GradientBoosting,3,,,4.0,sqrt,3.0,,200.0,0.1,0.9,,,,,,,,
matminer,GradientBoosting,4,,,4.0,0.8,1.0,,200.0,0.1,0.9,,,,,,,,
matminer,GradientBoosting,5,,,5.0,sqrt,2.0,,600.0,0.1,0.6,,,,,,,,
matminer,GradientBoosting,6,,,5.0,sqrt,2.0,,400.0,0.03,0.8,,,,,,,,
matminer,GradientBoosting,7,,,5.0,0.8,3.0,,100.0,0.03,0.6,,,,,,,,
matminer,GradientBoosting,8,,,5.0,sqrt,2.0,,400.0,0.03,0.8,,,,,,,,
matminer,GradientBoosting,9,,,4.0,sqrt,2.0,,800.0,0.05,0.6,,,,,,,,
matminer,GradientBoosting,10,,,5.0,0.8,3.0,,100.0,0.01,0.6,,,,,,,,
matminer,SVR,1,,,,,,,,,,1000.0,0.1,0.1,,,,,
matminer,SVR,2,,,,,,,,,,300.0,0.2,1.0,,,,,
matminer,SVR,3,,,,,,,,,,30.0,0.2,0.3,,,,,
matminer,SVR,4,,,,,,,,,,1000.0,0.03,1.0,,,,,
matminer,SVR,5,,,,,,,,,,100.0,0.05,1.0,,,,,
matminer,SVR,6,,,,,,,,,,300.0,0.2,1.0,,,,,
matminer,SVR,7,,,,,,,,,,300.0,0.2,1.0,,,,,
matminer,SVR,8,,,,,,,,,,300.0,0.2,1.0,,,,,
matminer,SVR,9,,,,,,,,,,300.0,0.2,1.0,,,,,
matminer,SVR,10,,,,,,,,,,300.0,0.2,1.0,,,,,
matminer,XGBoost,1,,,4.0,,,,200.0,0.01,1.0,,,,0.8,5.0,0.5,,
matminer,XGBoost,2,,,2.0,,,,200.0,0.01,0.6,,,,0.6,3.0,2.0,,
matminer,XGBoost,3,,,3.0,,,,100.0,0.01,1.0,,,,0.6,1.0,1.0,,
matminer,XGBoost,4,,,5.0,,,,200.0,0.1,1.0,,,,0.6,1.0,0.5,,
matminer,XGBoost,5,,,4.0,,,,200.0,0.01,1.0,,,,0.8,5.0,0.5,,
matminer,XGBoost,6,,,5.0,,,,100.0,0.05,1.0,,,,0.6,3.0,1.0,,
matminer,XGBoost,7,,,3.0,,,,400.0,0.01,0.8,,,,0.6,1.0,2.0,,
matminer,XGBoost,8,,,4.0,,,,200.0,0.1,0.8,,,,0.6,5.0,1.0,,
matminer,XGBoost,9,,,4.0,,,,400.0,0.1,0.6,,,,0.6,3.0,1.0,,
matminer,XGBoost,10,,,3.0,,,,400.0,0.01,0.8,,,,0.6,1.0,2.0,,
matminer,LightGBM,1,,,-1.0,,,,100.0,0.05,0.6,,,,1.0,,,5.0,7.0
matminer,LightGBM,2,,,12.0,,,,400.0,0.01,0.8,,,,0.6,,,20.0,40.0
matminer,LightGBM,3,,,12.0,,,,400.0,0.01,0.8,,,,0.6,,,20.0,40.0
matminer,LightGBM,4,,,5.0,,,,600.0,0.03,1.0,,,,1.0,,,3.0,7.0
matminer,LightGBM,5,,,3.0,,,,600.0,0.01,0.8,,,,1.0,,,3.0,20.0
matminer,LightGBM,6,,,5.0,,,,400.0,0.05,0.8,,,,0.6,,,5.0,20.0
matminer,LightGBM,7,,,8.0,,,,200.0,0.03,1.0,,,,0.6,,,5.0,15.0
matminer,LightGBM,8,,,-1.0,,,,100.0,0.05,0.6,,,,1.0,,,5.0,7.0
matminer,LightGBM,9,,,12.0,,,,600.0,0.1,1.0,,,,0.8,,,5.0,7.0
matminer,LightGBM,10,,,8.0,,,,200.0,0.03,1.0,,,,0.6,,,5.0,15.0
combined,DummyMean,1,,,,,,,,,,,,,,,,,
combined,DummyMean,2,,,,,,,,,,,,,,,,,
combined,DummyMean,3,,,,,,,,,,,,,,,,,
combined,DummyMean,4,,,,,,,,,,,,,,,,,
combined,DummyMean,5,,,,,,,,,,,,,,,,,
combined,DummyMean,6,,,,,,,,,,,,,,,,,
combined,DummyMean,7,,,,,,,,,,,,,,,,,
combined,DummyMean,8,,,,,,,,,,,,,,,,,
combined,DummyMean,9,,,,,,,,,,,,,,,,,
combined,DummyMean,10,,,,,,,,,,,,,,,,,
combined,Ridge,1,10.0,True,,,,,,,,,,,,,,,
combined,Ridge,2,500.0,True,,,,,,,,,,,,,,,
combined,Ridge,3,300.0,True,,,,,,,,,,,,,,,
combined,Ridge,4,500.0,True,,,,,,,,,,,,,,,
combined,Ridge,5,300.0,True,,,,,,,,,,,,,,,
combined,Ridge,6,500.0,True,,,,,,,,,,,,,,,
combined,Ridge,7,700.0,True,,,,,,,,,,,,,,,
combined,Ridge,8,700.0,True,,,,,,,,,,,,,,,
combined,Ridge,9,300.0,True,,,,,,,,,,,,,,,
combined,Ridge,10,500.0,True,,,,,,,,,,,,,,,
combined,RandomForest,1,,,30.0,sqrt,1.0,3.0,200.0,,,,,,,,,,
combined,RandomForest,2,,,10.0,sqrt,3.0,5.0,200.0,,,,,,,,,,
combined,RandomForest,3,,,30.0,sqrt,1.0,3.0,200.0,,,,,,,,,,
combined,RandomForest,4,,,5.0,sqrt,1.0,3.0,600.0,,,,,,,,,,
combined,RandomForest,5,,,30.0,sqrt,1.0,3.0,200.0,,,,,,,,,,
combined,RandomForest,6,,,30.0,sqrt,3.0,5.0,200.0,,,,,,,,,,
combined,RandomForest,7,,,10.0,0.6,1.0,2.0,100.0,,,,,,,,,,
combined,RandomForest,8,,,20.0,sqrt,2.0,8.0,600.0,,,,,,,,,,
combined,RandomForest,9,,,30.0,sqrt,1.0,3.0,200.0,,,,,,,,,,
combined,RandomForest,10,,,30.0,sqrt,1.0,3.0,200.0,,,,,,,,,,
combined,GradientBoosting,1,,,4.0,sqrt,2.0,,800.0,0.05,0.6,,,,,,,,
combined,GradientBoosting,2,,,4.0,sqrt,2.0,,200.0,0.05,1.0,,,,,,,,
combined,GradientBoosting,3,,,5.0,sqrt,1.0,,600.0,0.03,1.0,,,,,,,,
combined,GradientBoosting,4,,,5.0,sqrt,1.0,,600.0,0.03,1.0,,,,,,,,
combined,GradientBoosting,5,,,5.0,sqrt,2.0,,600.0,0.1,0.6,,,,,,,,
combined,GradientBoosting,6,,,4.0,sqrt,2.0,,200.0,0.1,0.9,,,,,,,,
combined,GradientBoosting,7,,,5.0,0.8,3.0,,800.0,0.05,0.6,,,,,,,,
combined,GradientBoosting,8,,,4.0,sqrt,2.0,,200.0,0.05,1.0,,,,,,,,
combined,GradientBoosting,9,,,4.0,sqrt,2.0,,200.0,0.05,1.0,,,,,,,,
combined,GradientBoosting,10,,,5.0,sqrt,1.0,,600.0,0.03,1.0,,,,,,,,
combined,SVR,1,,,,,,,,,,500.0,0.2,scale,,,,,
combined,SVR,2,,,,,,,,,,1000.0,0.05,0.3,,,,,
combined,SVR,3,,,,,,,,,,30.0,0.2,0.3,,,,,
combined,SVR,4,,,,,,,,,,1000.0,0.05,0.3,,,,,
combined,SVR,5,,,,,,,,,,100.0,0.2,0.3,,,,,
combined,SVR,6,,,,,,,,,,1000.0,0.05,0.3,,,,,
combined,SVR,7,,,,,,,,,,300.0,0.05,0.3,,,,,
combined,SVR,8,,,,,,,,,,1000.0,0.03,1.0,,,,,
combined,SVR,9,,,,,,,,,,300.0,0.03,0.3,,,,,
combined,SVR,10,,,,,,,,,,1000.0,0.2,0.3,,,,,
combined,XGBoost,1,,,4.0,,,,200.0,0.1,0.8,,,,0.6,5.0,1.0,,
combined,XGBoost,2,,,2.0,,,,200.0,0.01,0.6,,,,0.6,3.0,2.0,,
combined,XGBoost,3,,,2.0,,,,200.0,0.01,0.6,,,,0.6,3.0,2.0,,
combined,XGBoost,4,,,5.0,,,,200.0,0.1,1.0,,,,0.6,1.0,0.5,,
combined,XGBoost,5,,,4.0,,,,200.0,0.1,0.8,,,,0.6,5.0,1.0,,
combined,XGBoost,6,,,4.0,,,,200.0,0.1,0.8,,,,0.6,5.0,1.0,,
combined,XGBoost,7,,,5.0,,,,400.0,0.1,0.6,,,,0.6,1.0,0.5,,
combined,XGBoost,8,,,4.0,,,,200.0,0.1,0.8,,,,0.6,5.0,1.0,,
combined,XGBoost,9,,,4.0,,,,200.0,0.1,0.8,,,,0.6,5.0,1.0,,
combined,XGBoost,10,,,6.0,,,,800.0,0.03,0.8,,,,0.6,5.0,2.0,,
combined,LightGBM,1,,,5.0,,,,400.0,0.03,0.6,,,,0.6,,,10.0,31.0
combined,LightGBM,2,,,8.0,,,,400.0,0.01,0.6,,,,1.0,,,20.0,15.0
combined,LightGBM,3,,,12.0,,,,600.0,0.05,0.8,,,,0.8,,,10.0,15.0
combined,LightGBM,4,,,-1.0,,,,800.0,0.03,0.8,,,,0.8,,,10.0,20.0
combined,LightGBM,5,,,12.0,,,,400.0,0.01,0.8,,,,0.6,,,20.0,40.0
combined,LightGBM,6,,,12.0,,,,400.0,0.01,0.8,,,,0.6,,,20.0,40.0
combined,LightGBM,7,,,8.0,,,,400.0,0.1,1.0,,,,0.6,,,10.0,15.0
combined,LightGBM,8,,,8.0,,,,400.0,0.1,1.0,,,,0.6,,,10.0,15.0
combined,LightGBM,9,,,5.0,,,,400.0,0.03,0.6,,,,0.6,,,10.0,31.0
combined,LightGBM,10,,,8.0,,,,200.0,0.03,1.0,,,,0.6,,,5.0,15.0
